GameName,ReleaseDate,Developer,Publisher,Engine
"The Game of Life 2 "," December 11, 2020 "," Marmalade Game Studio Ltd "," Marmalade Game Studio Ltd "," Unity "
"Gerda: A Flame in Winter "," September 1, 2022 "," PortaPlay "," DON'T NOD "," Unity "
"Divinity Chronicles: Journey to the West "," June 29, 2023 "," Z Studio "," ParasGames "," Unity "
"VINE "," June 22, 2023 "," FrogParty "," O.T Games "," Unity "
"Aquarium Designer "," October 21, 2021 "," Sigur Studio "," Games Operators, PlayWay S.A. "," Unity "
"Pandora "," June 29, 2023 "," Sunset Script "," Sunset Script "," Unity "
"Noob: The Factionless "," June 29, 2023 "," Olydri Studio, Blackpixel Studio "," Olydri Studio, MicroÃ¯ds "," Unity "
"SLUDGE LIFE 2: Soundtrack Edition "," June 27, 2023 "," Terri Vellmann, Doseone "," Devolver Digital "," Unity "
"Car Mechanic Simulator 2021 "," August 11, 2021 "," Red Dot Games "," PlayWay S.A. "," Unity "
"FRONT MISSION 1st: Remake "," June 30, 2023 "," MegaPixel Studio "," Forever Entertainment "," Unity "
"PowerWash Simulator "," July 14, 2022 "," FuturLab "," Square Enix "," Unity "
"A Little to the Left "," November 8 2022 ~ June 27, 2023 "," Max Inferno "," Secret Mode "," Unity "
"Empyrion: Galactic Survival "," August 5, 2020 "," Eleon Game Studios "," Eleon Game Studios "," Unity "
"Dave The Diver "," June 28, 2023 "," Mintrocket "," Mintrocket "," Unity "
"The Simulacrum "," June 24, 2023 "," Trynet Games "," Trynet Games "," Unity "
"DRIFT21 "," June 10, 2021 ~ June 22, 2023 "," ECC GAMES S.A. "," 505 Games "," Unity "
"Kingsblood "," June 21, 2023 "," Icy Forge UG "," Icy Forge UG "," Unity "
"Hot Lava "," September 19, 2019 "," Klei Entertainment "," Klei Entertainment "," Unity "
"Hookah Cafe Simulator "," June 22, 2023 "," Rubbish Game "," Cheesecake Dev "," Unity "
"The Long Dark: Quiet Apocalypse Bundle "," August 1, 2017 "," Hinterland Studio Inc. "," Hinterland Studio Inc. "," Unity "
"Spirit Hunters: Infinite Horde "," June 20, 2023 "," Creature Cauldron "," Creature Cauldron "," Unity "
"The Bookwalker: Thief of Tales "," June 22, 2023 "," Do My Best Games "," tinyBuild "," Unity "
"The Pegasus Expedition "," June 20, 2023 "," Kalla Gameworks "," Fulqrum Publishing "," Unity "
"The Last Hero of Nostalgaia "," October 19, 2022 "," Over the Moon "," Coatsink "," Unity "
"The Game of Annie "," June 13, 2023 "," potentknight "," potentknight "," Unity "
"Escape Academy "," July 14, 2022 "," Coin Crew Games "," iam8bit, Skybound Games Studios "," Unity "
"Tunguska: The Visitation "," June 4, 2021 "," Rotorist Workshop "," Rotorist Workshop "," Unity "
"EFGH: Escape from Garbage House "," June 12, 2023 "," Boujin "," Boujin "," Unity "
"Shaolin vs Wutang 2 "," June 14, 2023 "," Jae Lee Productions "," Jae Lee Productions "," Unity "
"Wizardry School: Escape Room "," June 14, 2023 "," mc2games "," mc2games "," Unity "
"Kingdom of Wreck Business "," June 16, 2023 "," WarZoneLab "," WarZoneLab "," Unity "
"Metro Simulator 2 "," June 14, 2023 "," KishMish Games "," KishMish Games "," Unity "
"House Party "," July 16, 2022 "," Eek! Games, LLC "," Eek! Games, LLC "," Unity "
"Dordogne "," June 13, 2023 "," Un Je Ne Sais Quoi, Umanimation "," Focus Entertainment "," Unity "
"Metal: Hellsinger "," September 15, 2022 "," The Outsiders "," Funcom "," Unity "
"Distraction Machine "," June 10, 2023 "," Miscellaneum Studios "," Miscellaneum Studios "," Unity "
"Sands of Salzaar "," December 16, 2021 "," Han-Squirrel Studio "," XD "," Unity "
"Moonshine Inc.: Supporter Edition "," December 1, 2022 "," Klabater "," Klabater "," Unity "
"The Proponent "," June 9, 2023 "," Two Dogs "," Two Dogs "," Unity "
"I Am Your President "," February 27, 2023 "," President Studio "," President Studio, PlayWay "," Unity "
"Project Lazarus "," June 8, 2023 "," Terapoly "," Terapoly "," Unity "
"Mask of the Rose "," June 8, 2023 "," Failbetter Games "," Failbetter Games "," Unity "
"System of Souls "," June 9, 2023 "," Chaotic Lab "," Gammera Nest "," Unity "
"Beyond the Evil "," June 6, 2023 "," BlackHawk Games "," BlackHawk Games "," Unity "
"Nocturnal "," June 7, 2023 "," Sunnyside Games "," Plug in Digital "," Unity "
"Easy Red 2 "," November 10, 2020 ~ June 6, 2023 "," Corvostudio "," Corvostudio "," Unity "
"Espresso Tycoon "," June 7, 2023 "," DreamWay Games "," DreamWay Games "," Unity "
"Loop8: Summer of Gods "," June 6, 2023 "," Marvelous Interactive "," XSEED Games "," Unity "
"Urban Flow "," June 1, 2023 "," Baltoro Games "," Baltoro Games "," Unity "
"Tank Mechanic Simulator "," February 20, 2020 "," DeGenerals "," PlayWay "," Unity "
"DOOMBLADE "," May 31, 2023 "," Muro Studios "," Iceberg Interactive "," Unity "
"SkateBIRD "," September 16, 2021 "," Glass Bottom Games "," Glass Bottom Games "," Unity "
"Warhammer Underworlds: Shadespire Edition "," April 21, 2020; Shadespire Edition - May 27, 2023 "," Steel Sky Productions "," Steel Sky Productions "," Unity "
"Warhammer 40,000: Battlesector - Deluxe Edition "," July 22, 2021 "," Black Lab Games "," Slitherine Ltd. "," Unity "
"We Love Katamari REROLL+ Royal Reverie - Special Edition "," June 2, 2023 "," Namco, MONKEYCRAFT Co. Ltd. "," Bandai Namco Entertainment "," Unity "
"Stasis: Bone Totem "," May 31, 2023 "," The Brotherhood "," The Brotherhood "," Unity "
"Homebody "," June 1, 2023 "," Game Grumps "," Rogue Games "," Unity "
"Killer Frequency "," June 1, 2023 "," Team17 Digital "," Team17 Digital "," Unity "
"Electrician Simulator: Complete "," September 21, 2022 "," Take IT Studio! "," Gaming Factory, Ultimate Games S.A. "," Unity "
"Gunfire Reborn "," November 18, 2021 "," Duoyi Games "," Duoyi Games "," Unity "
"Etrian Odyssey Origins Collection "," June 1, 2023 "," Atlus "," Sega "," Unity "
"Cruise Ship Manager "," May 24, 2023 "," Image Power "," Image Power, PlayWay "," Unity "
"Summer Trip Cruise "," May 25, 2023 "," Gius Caminiti "," Gius Caminiti "," Unity "
"To Hell With the Ugly "," May 30, 2023 "," La Poule Noire "," Arte France "," Unity "
"Tale of Immortal "," May 26, 2023 "," Ghost Valley Studio "," Ghost Valley Studio, Lightning Games "," Unity "
"Everdream Valley "," May 30, 2023 "," Mooneaters "," Untold Tales, Varsav Game Studios "," Unity "
"Aeterna Noctis "," December 14, 2021 "," Aeternum Game Studios S.L "," Aeternum Game Studios S.L "," Unity "
"Arcade Paradise: Digital Deluxe Edition "," August 11, 2022 "," Nosebleed Interactive "," Wired Productions "," Unity "
"Prime Directive "," May 23, 2023 "," Jonathan Stoffer "," KittySoft Studios "," Unity "
"Solasta: Crown of the Magister - Lightbringers Edition "," May 27, 2021 "," Tactical Adventures "," Tactical Adventures "," Unity "
"CONVERGENCE: A League of Legends Story "," May 23, 2023 "," Double Stallion Games "," Riot Games "," Unity "
"Planet of Lana "," May 23, 2023 "," Wishfully Studios "," Thunderful "," Unity "
"LibertÃ© "," May 23, 2023 "," Superstatic "," Anshar Studios "," Unity "
"Barista Simulator "," May 20, 2023 "," CubeCube Sports "," CubeCube Sports "," Unity "
"Cities: Skylines - Collection "," March 10, 2015 "," Colossal Order "," Paradox Interactive "," Unity "
"Dark Days: Devil Hunt "," May 21, 2023 "," Mavi Game Studios "," Mavi Game Studios "," Unity "
"Dead Monarchy "," May 19, 2023 "," Kevin Zhang "," Kevin Zhang "," Unity "
"Golf With Your Friends "," May 19, 2020 "," Blacklight Interactive "," Team17 Digital "," Unity "
"Aircraft Carrier Survival "," April 20, 2022 "," Gambit Games Studio "," CreativeForge Games "," Unity "
"Chef: A Restaurant Tycoon Game - Full Menu Bundle "," August 20, 2020 "," Inner Void "," Digital Tribe Games "," Unity "
"Humanity "," May 16, 2023 "," tha "," Enhance "," Unity "
"Thea 2: The Shattering "," May 12, 2019 "," MuHa Games, Eerie Forest Studio "," MuHa Games "," Unity "
"Tin Hearts "," May 16, 2023 "," Rogue Sun "," Wired Productions "," Unity "
"Flashing Lights: Police, Firefighting, Emergency Services Simulator "," May 15, 2023 "," Nils Jakrins "," Excalibur Publishing "," Unity "
"Voodolls "," May 11, 2023 "," SideRift "," Tate Multimedia "," Unity "
"Death or Threat "," May 11, 2023 "," Saona Studios "," Saona Studios, Hawthorn Games "," Unity "
"Ravenlok "," May 4, 2023 "," Cococucumber "," Cococucumber "," Unity "
"Serial Cleaners "," September 22, 2022 "," Draw Distance "," 505 Games "," Unity "
"FINAL FANTASY I-VI Bundle: Pixel Remaster "," July 28, 2021 ~ February 23, 2022 "," Square Enix "," Square Enix "," Unity "
"Darkest Dungeon II "," May 8, 2023 "," Red Hook Studios "," Red Hook Studios "," Unity "
"Joyride "," June 6, 2022 ~ May 5, 2023 "," Millwoo Studio "," Jibeijia "," Unity "
"Iron Harvest: Digital Deluxe Edition "," September 1, 2020 "," KING Art "," Deep Silver "," Unity "
"SGS NATO's Nightmare "," May 4, 2023 "," Strategy Game Studio "," Avalon Digital "," Unity "
"NeuroNet: Mendax Proxy "," May 4, 2023 "," Dream Harvest "," Dream Harvest "," Unity "
"No Man's Island "," May 4, 2023 "," Rif Game Studio "," ManyDev Studio "," Unity "
"Metal Mutation "," May 4, 2023 "," T0 Studio "," MicroÃ¯ds, T0 Studio "," Unity "
"Trailmakers: Deluxe Edition "," September 18, 2019 "," Flashbulb "," Flashbulb "," Unity "
"Skinny &amp; Franko: Fists of Violence "," April 28, 2023 "," Blue Sunset Games, Console Labs "," Console Labs "," Unity "
"Desta: The Memories Between "," April 26, 2023 "," ustwo Studio "," ustwo Studio "," Unity "
"Sphere: Flying Cities - Save the World Edition "," October 13, 2022 "," Hexagon Sphere Games "," Assemble Entertainment "," Unity "
"Riffle Effect "," April 27, 2023 "," OutsiderKids Corp. "," Hike "," Unity "
"The Last Case of Benedict Fox "," April 27, 2023 "," Plot Twist "," Rogue Games "," Unity "
"HUMANKIND: Premium Edition "," August 17, 2021 "," AMPLITUDE Studios "," SEGA "," Unity "
"Trinity Trigger "," April 25, 2023 "," FuRyu "," Marvelous USA "," Unity "
"Ash of Gods: The Way "," April 27, 2023 "," AurumDust "," AurumDust "," Unity "
"Advance Wars 1+2: Re-Boot Camp "," April 21, 2023 "," WayForward Technologies "," Nintendo "," Unity "
"Roots of Pacha "," April 25, 2023 "," Soda Den "," Crytivo "," Unity "
"Victory at Sea: Ironclad "," April 25, 2023 "," Evil Twin Artworks "," Evil Twin Artworks "," Unity "
"Cult of the Lamb: Heretic Edition "," August 11, 2022 "," Massive Monster "," Devolver Digital "," Unity "
"Crying Pony "," April 19, 2023 "," CreSpirit "," CreSpirit "," Unity "
"XEL: Complete Edition "," July 12, 2022 "," Tiny Roar "," Assemble Entertainment "," Unity "
"Homestead Arcana "," April 21, 2023 "," Serenity Forge "," Skybound Games Studios "," Unity "
"Teslagrad 2 "," April 19, 2023 "," Rain Games "," Modus Games "," Unity "
"Teslagrad Remastered "," April 19, 2023 "," Rain Games "," Modus Games "," Unity "
"Fire &amp; Maneuver "," April 20, 2023 "," Armchair History Interactive, Targon Studios "," Armchair History Interactive "," Unity "
"God of Rock "," April 18, 2023 "," Modus Studios Brazil "," Modus Games "," Unity "
"The Mageseeker: A League of Legends Story - Deluxe Edition "," April 18, 2023 "," Digital Sun "," Riot Games "," Unity "
"The Seekers: Survival "," April 14, 2023 "," Bigybox Games "," Bigybox Games "," Unity "
"Shardpunk: Verminfall - Digital Deluxe Edition "," April 13, 2023 "," Clockwork Pile "," Retrovibe Games "," Unity "
"DE-EXIT: Eternal Matters "," April 14, 2023 "," SandBloom Studio "," HandyGames "," Unity "
"House Flipper "," May 17, 2018 "," Empyrean "," Frozen District, PlayWay S.A. "," Unity "
"Coal Mining Simulator "," April 11, 2023 "," Grande Games "," GamePlanet "," Unity "
"The Library of Babel "," April 7, 2023 "," Tanuki Game Studio "," Neon Doctrine "," Unity "
"YOLKED: The Egg Game "," April 6, 2023 "," HardBoiled Studios "," Hitcents "," Unity "
"TRON: Identity "," April 11, 2023 "," Mike Bithell Games "," Mike Bithell Games "," Unity "
"Thief Simulator "," November 9, 2018 "," Noble Muffins "," PlayWay "," Unity "
"Beyond Contact "," April 4, 2023 "," Playcorp Studios "," Deep Silver "," Unity "
"Curse of the Sea Rats "," April 6, 2023 "," Petoons Studio "," PQube "," Unity "
"Kabaret "," April 4, 2023 "," Persona Theory Games "," Persona Theory Games, Wings "," Unity "
"Total Tank Generals "," March 30, 2023 "," Noobz from Poland "," 505 Games "," Unity "
"Grimgrad "," April 5, 2023 "," Juvty Worlds "," Juvty Worlds "," Unity "
"Organs Please: Deluxe Edition "," April 5, 2023 "," Techhome "," HeroCraft "," Unity "
"Filthy Animals: Heist Simulator "," April 4, 2023 "," Pewter Games Studios, LoPoly Games "," Green Man Gaming "," Unity "
"Midnight Fight Express "," August 23, 2022 "," Jacob Dzwinel "," Humble Games "," Unity "
"Passpartout 2: The Lost Artist "," April 4, 2023 "," Flamebait Games "," Flamebait Games "," Unity "
"Road 96: Mile 0 "," April 4, 2023 "," Digixart Entertainment "," Ravenscourt "," Unity "
"Tunche: Enhanced Edition "," November 2, 2021 ~ April 3, 2023 "," LEAP Game Studios "," HypeTrain Digital "," Unity "
"Brinefall "," April 3, 2023 "," Qwerty Studio "," Qwerty Studio "," Unity "
"Reshaping Mars: Soundtrack Edition "," March 31, 2023 "," Tholus Games "," Yooreka Studio "," Unity "
"Saga of Sins "," March 30, 2023 "," Bonus Level Entertainment "," Just for Games "," Unity "
"The Alchemist of Ars Magna "," March 31, 2023 "," Ninetail "," PGN Games "," Unity "
"The Last Worker "," March 30, 2023 "," Wolf &amp; Wood Interactive, Oiffy "," Wired Productions "," Unity "
"Family Curse "," March 31, 2023 "," Stork Game "," Stork Game "," Unity "
"Uragun "," March 30, 2023 "," Kool2Play "," Kool2Play "," Unity "
"DROP: System Breach "," March 28, 2023 "," Etherfield Studio "," MicroProse Software "," Unity "
"DREDGE: Digital Deluxe Edition "," March 30, 2023 "," Black Salt Games "," Team17 Digital "," Unity "
"The Kraken Wakes "," March 27, 2023 "," Charisma Entertainment Limited "," Charisma Entertainment Limited "," Unity "
"Terra Nil "," March 28, 2023 "," Free Lives "," Devolver Digital "," Unity "
"Storyteller: Soundtrack Edition "," March 23, 2023 "," Daniel Benmergui "," Annapurna Interactive "," Unity "
"Car Mechanic Simulator 2021 "," August 11, 2021 "," Red Dot Games "," PlayWay S.A. "," Unity "
"Cities: Skylines - Collection "," March 10, 2015 "," Colossal Order "," Paradox Interactive "," Unity "
"Have a Nice Death "," March 22, 2023 "," Magic Design Studios "," Perfect World Entertainment "," Unity "
"FlyWings 2018: Flight Simulator - Deluxe Edition "," March 14, 2023 "," Thetis Games "," Thetis Games "," Unity "
"DC's Justice League: Cosmic Chaos "," March 10, 2023 "," PHL Collective "," Outright Games "," Unity "
"Disco Elysium: The Final Cut "," October 15, 2019 "," ZA/UM "," ZA/UM "," Unity "
"Surviving the Aftermath: Ultimate Colony Edition "," November 16, 2021 "," Iceflake Studios "," Paradox Interactive "," Unity "
"Sea of Craft "," March 10, 2023 "," Wizard Games "," Wizard Games "," Unity "
"Anthology of Fear "," March 17, 2023 "," OhDeer Studio, 100 Games "," 100 Games "," Unity "
"Life of Delta "," March 13, 2023 "," Airo Games "," Daedalic Entertainment "," Unity "
"Voice of Cards: The Beasts of Burden "," September 13, 2022; &quot;Denuvoless Build&quot; - March 14, 2023 "," Square Enix "," Square Enix "," Unity "
"Voice of Cards: The Forsaken Maiden "," February 17, 2022; &quot;Denuvoless Build&quot; - March 14, 2023 "," Square Enix "," Square Enix "," Unity "
"Munchkin Digital "," March 9, 2023 "," Dire Wolf Digital "," Dire Wolf Digital "," Unity "
"Figment 2: Creed Valley "," March 9, 2023 "," Bedtime Digital Games "," Bedtime Digital Games "," Unity "
"Kinda Knirpsi "," March 10, 2023 "," HerrGrievous "," HerrGrievous "," Unity "
"Paper Flight: Beyond Time "," March 10, 2023 "," EpiXR Games "," EpiXR Games "," Unity "
"Mr. Prepper: Anniversary Edition "," March 18, 2021 "," Rejected Games "," PlayWay S.A., Rejected Games "," Unity "
"Tiny Troopers: Global Ops "," March 9, 2023 "," Kukouri Mobile Entertainment, Epiphany Games "," Wired Productions "," Unity "
"Tiny Troopers: Joint Ops XL "," March 9, 2023 "," Plunge Interactive, Epiphany Games "," Wired Productions "," Unity "
"Mato Anomalies "," March 10, 2023 "," Arrowiz "," Prime Matter "," Unity "
"GRIME "," August 2, 2021 "," Clover Bite "," Akupara Games "," Unity "
"Stellar Sovereigns "," March 8, 2023 "," Imagined Reality "," Imagined Reality "," Unity "
"The Last Spell "," March 9, 2023 "," Ishtar Games "," The Arcade Crew "," Unity "
"The Last Stand: Aftermath "," November 16, 2021 "," Con Artist Games "," Armor Games Studios "," Unity "
"Contraband Police "," March 8, 2023 "," Crazy Rocks "," PlayWay "," Unity "
"Terraformers "," March 9, 2023 "," Asteroid Lab "," Goblinz Studio, IndieArk "," Unity "
"Pathfinder: Wrath of the Righteous - Enhanced Edition "," September 2, 2021 "," Owlcat Games "," META Publishing, Owlcat Games "," Unity "
"Demon Turf "," November 4, 2021 "," Fabraz "," Playtonic Friends "," Unity "
"PowerWash Simulator "," July 14, 2022 "," FuturLab "," Square Enix "," Unity "
"The Pale Beyond: Deluxe Edition "," February 24, 2023 "," Bellular Studios "," Fellow Traveler "," Unity "
"Drone Swarm "," October 20, 2020 "," Stillalive Studios "," astragon Entertainment "," Unity "
"Dinosaur Simulator "," March 2, 2023 "," Imperian Online "," Imperian Online "," Unity "
"Frontiers Reach "," March 1, 2023 "," Blind Alien Productions "," Blind Alien Productions "," Unity "
"Gone Rogue "," March 1, 2023 "," AskaLot Games "," AskaLot Games "," Unity "
"Phantom Brigade "," February 28, 2023 "," Brace Yourself Games "," Brace Yourself Games "," Unity "
"I Am Your President "," February 27, 2023 "," President Studio "," President Studio, PlayWay "," Unity "
"Madshot: Road to Madness "," February 23, 2023 "," Overflow "," Hook "," Unity "
"Graveyard Architect "," February 23, 2023 "," Luxo Interactive "," Luk Kus Soft "," Unity "
"Clive 'N' Wrench "," February 23, 2023 "," Dinosaur Bytes Studio "," Numskull Games "," Unity "
"Chef Life: A Restaurant Simulator "," February 23, 2023 "," Cyanide "," Nacon "," Unity "
"9 Childs Street "," February 16, 2023 "," N4bA, SsmA "," N4bA "," Unity "
"Digimon World: Next Order "," February 22, 2023 "," Bandai Namco Studios "," Bandai Namco Entertainment "," Unity "
"GameDev Life Simulator "," February 18, 2023 "," Octo Games "," Octo Games "," Unity "
"Joon Shining "," February 17, 2023 "," Orchid of Redemption "," Lamplight Forest "," Unity "
"EVIL BELOW "," February 17, 2023 "," Fire Raven Studios "," Fire Raven Studios, Gammera Nest "," Unity "
"Knights of Braveland: Collector's Edition "," February 16, 2023 "," Tortuga Team "," Tortuga Team "," Unity "
"The Tales of Bayun "," February 16, 2023 "," FlyinDogs "," FlyinDogs, East2West Games "," Unity "
"Pharaoh: A New Era "," February 15, 2023 "," Triskell Interactive "," Dotemu "," Unity "
"Souls of Chronos "," February 14, 2023 "," FUTU Studio "," Astrolabe Games "," Unity "
"Blanc "," February 14, 2023 "," Casus Ludi "," Gearbox Publishing "," Unity "
"Sands of Salzaar "," December 16, 2021 "," Han-Squirrel Studio "," XD "," Unity "
"Project Downfall "," December 1, 2022 "," MGP Studios, Solid9 Studio "," MGP Studios "," Unity "
"Spectator "," February 7, 2023 "," Neko Machine "," Neko Machine "," Unity "
"Joe Wander and the Enigmatic Adventures "," February 3, 2023 "," Frozen Pixel "," Frozen Pixel "," Unity "
"Nuclear War Simulator "," February 2, 2023 "," Bit Mirror "," Slitherine Ltd. "," Unity "
"Deadly Broadcast "," February 2, 2023 "," Apphic Games "," Apphic Games "," Unity "
"JETT: The Far Shore + Given Time "," October 5, 2021 ~ February 5, 2023 "," Superbrothers + Pine Scented "," Superbrothers + Pine Scented "," Unity "
"SpellForce: Conquest of Eo "," February 3, 2023 "," Owned by Gravity "," THQ Nordic "," Unity "
"Bus Driving Sim 22 "," February 2, 2023 "," Ovilex Software "," Ovilex Software "," Unity "
"Second Front "," January 31, 2023 "," Hexdraw "," MicroProse Software "," Unity "
"Old World: Ultimate "," December 28, 2021 "," Mohawk Games "," Mohawk Games "," Unity "
"Backfirewall_ "," January 30, 2023 "," Naraven Games "," All in! Games "," Unity "
"Ultimate Admiral: Dreadnoughts "," January 25, 2023 "," Game-Labs "," Game-Labs "," Unity "
"Winter Resort Simulator 2: Complete + Riedstein Edition "," November 26, 2020; &quot;Skischanze DLC&quot; - December 6, 2021 "," HR Innoways "," Aerosoft GmbH "," Unity "
"Animal Shelter: Family Bundle "," March 23, 2022; &quot;Horse Shleter DLC&quot; - January 27, 2023 "," Games Incubator "," Games Incubator, PlayWay S.A. "," Unity "
"Power Chord "," January 26, 2023 "," Big Blue Bubble "," Big Blue Bubble "," Unity "
"Tristia: Legacy &amp; Restore Bundle Pack "," January 20, 2023 "," KOGADO STUDIO "," Komodo "," Unity "
"Death in the Water 2 "," January 26, 2023 "," Lighthouse Games Studio "," Lighthouse Games Studio "," Unity "
"Clunky Hero: Game, Art and Music Bundle "," January 25, 2023 "," Chaosmonger Studio "," Chaosmonger Studio "," Unity "
"In the Dark "," January 27, 2023 "," teamkamakiri "," teamkamakiri "," Unity "
"The Madness of Death "," January 25, 2023 "," Vania Studios "," Vania Studios "," Unity "
"Dread Templar "," January 26, 2023 "," T19 Games "," Fulqrum Publishing "," Unity "
"GRUNND "," January 26, 2023 "," SEKTAHOUSE "," SEKTAHOUSE "," Unity "
"Mahokenshi "," January 24, 2023 "," Game Source Studio "," Iceberg Interactive "," Unity "
"Neptunia: Sisters VS Sisters - Deluxe Edition "," January 24, 2023 "," Idea Factory, Compile Heart "," Idea Factory International "," Unity "
"Sapper: Defuse The Bomb Simulator "," January 23, 2023 "," Live Motion Games "," WIG Publishing "," Unity "
"Colossal Cave "," January 19, 2023 "," Cygnus Entertainment "," Cygnus Entertainment "," Unity "
"Fire Emblem Engage "," Januray 20, 2023 "," Intelligent Systems "," Nintendo "," Unity "
"Rain World "," March 28, 2017; &quot;Downpour DLC&quot; - January 19, 2023 "," Videocult "," Akupara Games "," Unity "
"The Multi-Medium "," January 20, 2023 "," Micah Boursier "," Micah Boursier "," Unity "
"UNO "," December 8, 2016 ~ January 12, 2023 "," Ubisoft Entertainment "," Ubisoft Entertainment "," Unity "
"Osiris: New Dawn "," January 18, 2023 "," Fenix Fire Entertainment "," Fenix Fire Entertainment "," Unity "
"The Bad Kids "," January 18, 2023 "," Aluba Studio "," LightOn Game "," Unity "
"Scrap Games "," January 17, 2023 "," QuickBytes Studio "," NPC Games "," Unity "
"Confabulation "," January 13, 2023 "," Authogin "," Authogin "," Unity "
"Sailing Era "," January 12, 2023 "," GY Games "," bilibili "," Unity "
"Shing! Digital Deluxe Edition "," August 28, 2020 "," Mass Creation "," Mass Creation "," Unity "
"GROSS "," January 11, 2023 "," hangry owl games "," hangry owl games, Hawthorn Games "," Unity "
"Children of Silentown: Supporter Bundle "," January 11, 2023 "," Elf Games, Luna2 Studio "," Daedalic Entertainment "," Unity "
"Fears To Fathom: Carson House "," January 9, 2023 "," Rayll "," Rayll "," Unity "
"DUSK: Intruder Edition "," December 10, 2018 ~ November 10, 2022 "," David Szymanski "," New Blood Interactive "," Unity "
"We Are The Caretakers "," January 6, 2023 "," Heart Shaped Games LLC "," Heart Shaped Games LLC "," Unity "
"Warhammer 40,000: Battlesector - Deluxe Edition "," July 22, 2021 "," Black Lab Games "," Slitherine Ltd. "," Unity "
"Village and The Witch "," January 4, 2023 "," Raytrace Interactive "," Raytrace Interactive "," Unity "
"Tyranny: Gold Edition "," November 10, 2016 "," Obsidian Entertainment "," Paradox Interactive "," Unity "
"Warm Snow "," January 19, 2022 ~ December 28, 2022 "," BadMudStudio "," bilibili "," Unity "
"The House of Da Vinci 3 "," December 23, 2022 "," Blue Brain Games "," Blue Brain Games "," Unity "
"Youtubers Life 2 "," October 19, 2021 "," UPLAY Online "," Raiser Games "," Unity "
"Autonauts "," October 17, 2019 ~ November 26, 2022 "," Denki "," Curve Games "," Unity "
"Motorcycle Mechanic Simulator 2021 "," November 17, 2021 "," Play2Chill S.A. "," PlayWay S.A., Play2Chill S.A. "," Unity "
"Mayhem Brawler "," August 19, 2021 "," Hero Concept "," Hero Concept "," Unity "
"art of rally: deluxe edition "," September 23, 2020 "," Funselektor Labs "," Funselektor Labs "," Unity "
"Old World: Complete "," December 28, 2021 "," Mohawk Games "," Mohawk Games "," Unity "
"Boxville "," September 30, 2022 "," Triomatica Games "," Triomatica Games "," Unity "
"Cult of the Lamb: Cultist Edition "," August 11, 2022 "," Massive Monster "," Devolver Digital "," Unity "
"House Party "," July 16, 2022 "," Eek! Games, LLC "," Eek! Games, LLC "," Unity "
"Dark Light "," May 8, 2020 ~ December 22, 2022 "," Mirari&amp;Co. "," Mirari&amp;Co., Maple Whispering Limited "," Unity "
"Coffee Shop Tycoon "," December 20, 2022 "," Riff Studios "," Riff Studios "," Unity "
"Cities: Skylines - Deluxe Edition "," March 10, 2015 "," Colossal Order "," Paradox Interactive "," Unity "
"Aery: Path of Corruption "," December 16, 2022 "," EpiXR Games UG "," EpiXR Games UG "," Unity "
"Farm Manager 2021 "," May 6, 2021 "," Cleversan Software "," PlayWay S.A., Sim Farm S.A. "," Unity "
"River City Saga: Three Kingdoms "," July 20, 2022 ~ October 28, 2022 "," Arc System Works "," Arc System Works "," Unity "
"The Long Dark "," August 1, 2017 ~ December 16, 2022 "," Hinterland Studio Inc. "," Hinterland Studio Inc. "," Unity "
"Gray Zone "," December 16, 2022 "," EastWorks "," EastWorks "," Unity "
"HEROish "," December 16, 2022 "," Sunblink "," Sunblink "," Unity "
"Splatter "," December 15, 2022 "," Rat King Collective "," Rat King Collective "," Unity "
"Demeo: PC Edition "," December 15, 2022 "," Resolution Games "," Resolution Games "," Unity "
"Artist Life Simulator "," December 13, 2022 "," Interactive Fate "," Interactive Fate, Placeholder Gameworks "," Unity "
"River City Girls 2 "," December 15, 2022 "," WayForward "," WayForward, Arc System Works "," Unity "
"Master of Magic "," December 13, 2022 "," MuHa Games, Eerie Forest Studio "," Slitherine Ltd. "," Unity "
"Wavetale "," December 12, 2022 "," Thunderful Development "," Thunderful Publishing "," Unity "
"SAMURAI MAIDEN: Deluxe Edition "," December 8, 2022 "," SHADE Inc. "," D3PUBLISHER "," Unity "
"IXION: Deluxe Edition "," December 7, 2022 "," Bulwark Studios "," Kasedo Games "," Unity "
"Knights of Honor II: Sovereign "," December 6, 2022 "," Black Sea Games "," THQ Nordic "," Unity "
"Cafe Owner Simulator "," December 5, 2022 "," Second Reality "," RockGame "," Unity "
"The Knight Witch "," November 29, 2022 "," Super Mega Team "," Team17 "," Unity "
"Moonshine Inc.: Supporter Edition "," December 1, 2022 "," Klabater "," Klabater "," Unity "
"In Nightmare "," November 29, 2022 "," Beijing Magic Fish Technology Co., Ltd. "," Maximum Games "," Unity "
"Beautiful Desolation: Deluxe Edition "," February 26, 2020 "," The Brotherhood "," The Brotherhood "," Unity "
"Starship Troopers: Terran Command "," June 16, 2022 "," The Artistocrats "," Slitherine Ltd. "," Unity "
"Black Geyser: Couriers of Darkness "," March 17, 2022 "," GrapeOcean Technologies "," V Publishing, GrapeOcean Technologies "," Unity "
"POSTAL: Brain Damaged "," June 9, 2022 "," Hyperstrange, CreativeForge Games "," Running With Scissors, Hyperstrange "," Unity "
"Relayer Advanced "," October 26, 2022 ~ November 24, 2022 "," DRAGAMI GAMES, LTD. "," DRAGAMI GAMES, LTD. "," Unity "
"Cats and the Other Lives "," November 21, 2022 "," Cultic Games "," Cultic Games, Maple Whispering Limited "," Unity "
"Flat Eye "," November 14, 2022 "," Monkey Moon "," Raw Fury "," Unity "
"Ship of Fools "," November 22, 2022 "," Fika Productions "," Team17 "," Unity "
"Starsand: Digital Supporter Edition "," November 17, 2022 "," Tunnel Vision Studio "," Toplitz Productions "," Unity "
"Monochrome Mobius: Rights and Wrongs Forgotten "," November 16, 2022 "," AQUAPLUS "," DMM GAMES, Shiravune "," Unity "
"Timeloop: Sink Again Beach "," November 17, 2022 "," FangsLab, Fatcoon "," FangsLab "," Unity "
"Floodland "," November 15, 2022 "," Vile Monarch "," Ravenscourt "," Unity "
"Tad the Lost Explorer "," November 16, 2022 "," Gammera Nest "," Gammera Nest "," Unity "
"Solasta: Crown of the Magister "," May 27, 2021 "," Tactical Adventures "," Tactical Adventures "," Unity "
"Bendy and the Dark Revival "," November 15, 2022 "," Joey Drew Studios "," Joey Drew Studios "," Unity "
"Somerville "," November 15, 2022 "," Jumpship "," Jumpship "," Unity "
"Pentiment "," November 15, 2022 "," Obsidian Entertainment "," Xbox Game Studios "," Unity "
"Car Mechanic Simulator 2021 "," August 11, 2021 "," Red Dot Games "," PlayWay S.A. "," Unity "
"Common'hood "," November 10, 2022 "," Plethora Project "," Plethora Project "," Unity "
"Cobra Kai 2: Dojos Rising "," November 8, 2022 "," Flux Games "," GameMill Entertainment "," Unity "
"HUMANKIND: Collection "," August 17, 2021 "," AMPLITUDE Studios "," SEGA "," Unity "
"Kerbal Space Program: Complete Edition "," April 27, 2015 ~ June 24, 2021 "," Squad "," Private Division "," Unity "
"Doors: Paradox "," November 4, 2022 "," Big Loop Studios "," Snapbreak "," Unity "
"Space Tail: Every Journey Leads Home "," November 3, 2022 "," Enjoy Studio S.A., Longterm Games S.A. "," Longterm Games S.A. "," Unity "
"Ghost Song "," November 3, 2022 "," Old Moon "," Humble Games "," Unity "
"From Space: Specialist Edition "," November 3, 2022 "," Triangle Studios "," Curve Games "," Unity "
"Paper Cut Mansion "," October 27, 2022 "," Space Lizard Studio "," Thunderful Publishing "," Unity "
"DORAEMON STORY OF SEASONS: Friends of the Great Kingdom "," November 2, 2022 "," Marvelous Inc. "," Bandai Namco Entertainment "," Unity "
"Saturnalia "," October 27, 2022 "," Santa Ragione "," Santa Ragione "," Unity "
"Miraculous: Rise of the Sphinx "," October 25, 2022 "," Magic Pockets "," GameMill Entertainment "," Unity "
"I See Red "," October 24, 2022 "," Whiteboard Games "," Gameforge 4D GmbH "," Unity "
"LEMURIA "," May 10, 2022; &quot;Halloween DLC&quot; - October 24, 2022 "," amQuests "," amQuests "," Unity "
"The Last Hero of Nostalgaia "," October 19, 2022 "," Over the Moon "," Coatsink "," Unity "
"The Tenants "," October 20, 2022 "," Ancient Forge Studio "," Frozen District "," Unity "
"Monster Prom 3: Monster Roadtrip "," October 21, 2022 "," Beautiful Glitch "," Beautiful Glitch "," Unity "
"Warhammer 40,000: Shootas, Blood &amp; Teef "," October 20, 2022 "," Rogueside "," Rogueside "," Unity "
"One True Hero "," October 20, 2022 "," Rat Cliff Games "," Rat Cliff Games "," Unity "
"The Valiant "," October 19, 2022 "," KITE Games "," THQ Nordic "," Unity "
"Slot Shots Pinball Collection "," October 18, 2022 "," Pinblend Studios "," Pinblend Studios "," Unity "
"Gedonia "," October 14, 2022 "," Kazakov Oleg "," Kazakov Oleg "," Unity "
"Gravity Chase "," October 14, 2022 "," Repixel8 "," Repixel8 "," Unity "
"Out There: Oceans of Time "," May 26, 2022 "," Mi-Clos Studio, Goblinz Studio "," Modern Wolf, Fractale, WhisperGames "," Unity "
"Trifox "," October 14, 2022 "," Glowfish Interactive "," Big Sugar "," Unity "
"Indoorlands: Supporter Edition "," October 14, 2022 "," Pixelsplit, Pixelsplit Simulations "," Pixelsplit, Pixelsplit Simulations "," Unity "
"Lost Eidolons: Digital Deluxe Edition "," October 13, 2022 "," Ocean Drive Studio, Inc. "," Ocean Drive Studio, Inc. "," Unity "
"Sunday Gold "," October 13, 2022 "," BKOM Studios "," Team17 "," Unity "
"PC Building Simulator 2 "," October 12, 2022 "," Spiral House Ltd "," Epic Games Publishing "," Unity "
"Sphere: Flying Cities - Save the World Edition "," October 13, 2022 "," Hexagon Sphere Games "," Assemble Entertainment "," Unity "
"CULTIC "," October 13, 2022 "," Jasozz Games "," 3D Realms "," Unity "
"The Darkest Tales "," October 13, 2022 "," Trinity Team "," 101XP "," Unity "
"In Sound Mind: Deluxe Edition "," September 28, 2021 "," We Create Stuff "," Modus Games "," Unity "
"Deep Abyss "," October 12, 2022 "," Studio RO "," Studio RO "," Unity "
"Unusual Findings "," October 12, 2022 "," Epic Llama Games "," ESDigital Games "," Unity "
"LEGO Bricktales "," October 12, 2022 "," ClockStone "," Thunderful Publishing "," Unity "
"WW2: Bunker Simulator "," October 10, 2022 "," BEPLAYER, Art Games Studio S.A. "," Art Games Studio S.A., Gaming Factory "," Unity "
"Mutant Football League: Dynasty Edition "," October 31, 2017 ~ October 6, 2022 "," Digital Dreams Entertainment "," Digital Dreams Entertainment "," Unity "
"The Dungeon of Naheulbeuk: The Amulet of Chaos "," September 17, 2020 "," Artefacts Studio "," Plug in Digital "," Unity "
"Rivalia: Dungeon Raiders "," October 5, 2022 "," Fsix Games "," Fsix Games "," Unity "
"Bibots "," October 5, 2022 "," Square Squid "," PID Games "," Unity "
"1428: Shadows over Silesia "," October 4, 2022 "," KUBI Games "," KUBI Games "," Unity "
"Savage Lands "," December 16, 2021 "," Last Bastion Studios LLC "," Last Bastion Studios LLC "," Unity "
"This Land Is My Land: Founders Edition "," October 20, 2021 "," Game-Labs "," Game-Labs "," Unity "
"Train Valley 2 "," April 15, 2019; &quot;Workshop Gems - Ruby DLC&quot; - September 29, 2022 "," Alexey Davydov, Sergey Dvoynikov, Timofey Shargorodskiy "," Flazm, META Publishing "," Unity "
"Armor Clash 2022 "," February 10, 2022; &quot;v2.0 Update&quot; - September 24, 2022 "," Windforce "," Windforce "," Unity "
"Human: Fall Flat "," July 22, 2016 "," No Brakes Games "," Curve Digital "," Unity "
"Pathfinder: Wrath of the Righteous - Enhanced Edition "," September 2, 2021; &quot;Enhanced Edition&quot; - September 29, 2022 "," Owlcat Games "," META Publishing, Owlcat Games "," Unity "
"NeverAwake "," September 28, 2022 "," Neotro Inc. "," Phoenixx Inc. "," Unity "
"Dark Light "," May 8, 2020 ~ September 29, 2022 "," Mirari&amp;Co. "," Mirari&amp;Co., Maple Whispering Limited "," Unity "
"Hokko Life "," September 27, 2022 "," Wonderscope "," Team17 "," Unity "
"Beacon Pines: Collector's Edition "," September 22, 2022 "," Hiding Spot "," Fellow Traveller "," Unity "
"Grand Tactician: The Civil War (1861-1865) "," September 24, 2021 "," Oliver KeppelmÃ¼ller "," Oliver KeppelmÃ¼ller "," Unity "
"DreamWorks Dragons: Legends of The Nine Realms "," September 23, 2022 "," AHEARTFULOFGAMES "," Outright Games Ltd. "," Unity "
"Remoteness "," September 23, 2022 "," KR Games "," KR Games "," Unity "
"Shovel Knight Dig "," September 23, 2022 "," Nitrome, Yacht Club Games "," Yacht Club Games "," Unity "
"Prodeus "," September 23, 2022 "," Bounding Box Software Inc. "," Humble Games "," Unity "
"Gloomhaven "," October 20, 2021 ~ September 22, 2022 "," Flaming Fowl Studios "," Asmodee Digital "," Unity "
"Flashout 3 "," September 22, 2022 "," Jujubee S.A. "," Jujubee S.A. "," Unity "
"JUSTICE SUCKS: Tactical Vacuum Action "," September 8, 2022 "," Samurai Punk "," tinyBuild "," Unity "
"Serial Cleaners "," September 22, 2022 "," Draw Distance "," 505 Games "," Unity "
"Potion Permit "," September 22, 2022 "," MassHive Media "," PQube "," Unity "
"No Place for Bravery "," September 22, 2022 "," Glitch Factory "," Ysbryd Games "," Unity "
"Electrician Simulator "," September 21, 2022 "," Take IT Studio! "," Gaming Factory, Ultimate Games S.A. "," Unity "
"The Outbound Ghost "," September 20, 2022 "," Conradical Games "," Digerati "," Unity "
"Wylde Flowers "," September 21, 2022 "," Studio Drydock Pty Ltd "," Studio Drydock Pty Ltd "," Unity "
"Godlike Burger "," April 21, 2022 ~ September 19, 2022 "," Liquid Pug "," Daedalic Entertainment "," Unity "
"One More Dungeon 2 "," September 19, 2022 "," Stately Snail "," Stately Snail "," Unity "
"Foretales "," September 15, 2022 "," Alkemi "," Dear Villagers "," Unity "
"There Is No Light "," September 19, 2022 "," Zelart "," HypeTrain Digital "," Unity "
"Aragami 2: Digital Deluxe Edition "," September 17, 2021 "," Lince Works "," Lince Works, Yooreka Studio "," Unity "
"Wayward Strand "," September 15, 2022 "," ghost pattern "," ghost pattern "," Unity "
"XIII "," November 10, 2020 "," PlayMagic, PlayMagic Kyiv "," Microids "," Unity "
"Lovecraft's Untold Stories 2 "," September 13, 2022 "," LLC Blini Games "," Fulqrum Publishing "," Unity "
"Disciples: Liberation - GOG Deluxe Edition "," October 21, 2021 "," Frima Studio "," Kalypso Media "," Unity "
"The Death "," September 15, 2022 "," DUT Studio "," DUT Studio "," Unity "
"Whateverland "," September 15, 2022 "," Caligari Games "," Caligari Games, WhisperGames "," Unity "
"American Theft 80s "," June 15, 2022 "," Noble Muffins "," PlayWay S.A. "," Unity "
"Freedom Planet 2 "," September 13, 2022 "," GalaxyTrail "," GalaxyTrail "," Unity "
"Metal: Hellsinger "," September 15, 2022 "," The Outsiders "," Funcom "," Unity "
"Isonzo: Collector's Edition "," September 13, 2022 "," M2H, BlackMill Games "," BlackMill Games "," Unity "
"Little Orpheus "," September 13, 2022 "," The Chinese Room "," Secret Mode "," Unity "
"RPG Time: The Legend of Wright "," September 13, 2022 "," DeskWorks "," DeskWorks "," Unity "
"Easy Red 2 "," November 10, 2020 ~ September 9, 2022 "," Corvostudio "," Corvostudio "," Unity "
"Garden Simulator "," September 8, 2022 "," Produktivkeller Studios "," SunDust "," Unity "
"Jack Move "," September 8, 2022 "," So Romantic "," HypeTrain Digital "," Unity "
"Papetura "," May 7, 2021 "," Petums "," Petums "," Unity "
"Ooblets "," September 1, 2022 "," Glumberland "," Glumberland "," Unity "
"Rogue Lords: Blood Moon Edition "," September 30, 2021 "," Leikir Studio, Cyanide Studio "," Nacon "," Unity "
"Railbound "," September 6, 2022 "," Afterburn "," Afterburn "," Unity "
"Re:Legend "," August 30, 2019; &quot;v1.0 Update&quot; - September 6, 2022 "," Magnus Games Studio "," 505 Games "," Unity "
"Westmark Manor "," June 18, 2020 "," Nodbrim Interactive "," Toadman Interactive "," Unity "
"Source of Madness "," May 11, 2020 ~ September 2, 2022 "," Carry Castle "," Thunderful Publishing "," Unity "
"LEGO Brawls "," September 2, 2022 "," Red Games Co. "," LEGOÂ® Games "," Unity "
"Monster Slayer Extermination "," September 2, 2022 "," Aldora Games "," Aldora Games "," Unity "
"The Dragoness: Command of the Flame "," September 1, 2022 "," Crazy Goat Games "," PQube "," Unity "
"Gerda: A Flame in Winter "," September 1, 2022 "," PortaPlay "," DON'T NOD "," Unity "
"MythBusters: The Game - Crazy Experiments Simulator "," September 1, 2022 "," Byte Barrel "," Movie Games S.A., PlayWay S.A. "," Unity "
"Pathfinder: Wrath of the Righteous - Mythic Edition "," September 2, 2021; &quot;The Treasure of the Midnight Isles&quot; - August 30, 2022 "," Owlcat Games "," META Publishing, Owlcat Games "," Unity "
"IMMORTALITY "," August 30, 2022 "," Sam Barlow, Half Mermaid "," Half Mermaid "," Unity "
"Tinykin "," August 30, 2022 "," Splashteam "," tinyBuild "," Unity "
"The Wild at Heart "," May 20, 2021 "," Moonlight Kids "," Humble Games "," Unity "
"Carnivores: Dinosaur Hunt "," August 22, 2022 "," Digital Dreams Entertainment "," Digital Dreams Entertainment "," Unity "
"I Was a Teenage Exocolonist "," August 25, 2022 "," Northway Games "," Finji "," Unity "
"Project Warlock "," December 6, 2018 "," Buckshot Software "," Retrovibe, gaming company "," Unity "
"HAAK "," August 25, 2022 "," Blingame "," OKJOY "," Unity "
"Midnight Fight Express "," August 23, 2022 "," Jacob Dzwinel "," Humble Games "," Unity "
"Spirit of the Island "," August 17, 2022 "," 1M Bits Horde "," META Publishing "," Unity "
"Dinosaur Fossil Hunter "," May 4, 2022 "," Pyramid Games "," Pyramid Games, PlayWay S.A. "," Unity "
"Dagon: by H. P. Lovecraft "," September 24, 2021; &quot;The Little Glass Bottle DLC&quot; - August 17, 2022 "," Bit Golem "," Bit Golem "," Unity "
"Panzer Knights "," May 19, 2021 "," Indulgence Game "," Joy Brick "," Unity "
"DOOM I + II: Enhanced "," August 18, 2022 "," id Software "," Bethesda Softworks LLC "," Unity "
"Sir Whoopass: Immortal Death "," August 18, 2022 "," Atomic Elbow "," Atomic Elbow "," Unity "
"Cursed to Golf "," August 18, 2022 "," Chuhai Labs "," Thunderful Publishing "," Unity "
"Mars Horizon "," November 17, 2020 "," Auroch Digital "," The Irregular Corporation "," Unity "
"Model Builder "," February 8, 2022 "," Moonlit S.A., Kuba WÃ³jcik "," Green Man Gaming Publishing "," Unity "
"Two Point Campus "," August 16, 2022 "," Two Point Studios "," SEGA "," Unity "
"Regiments "," August 16, 2022 "," Bird's Eye Games "," MicroProse Software "," Unity "
"Fashion Police Squad "," August 15, 2022 "," Mopeful Games "," No More Robots "," Unity "
"Spark the Electric Jester 3 "," August 14, 2022 "," Feperd Games "," Feperd Games "," Unity "
"Super Bullet Break "," August 12, 2022 "," BeXide Inc. "," PQube "," Unity "
"Traumada "," August 12, 2022 "," James Horn "," James Horn "," Unity "
"City Eye "," August 12, 2022 "," SIG Publishing "," SIG Publishing "," Unity "
"Attacker-chan! "," August 10, 2022 "," kido "," kido "," Unity "
"Carrier Commander "," August 10, 2022 "," ss "," ss "," Unity "
"Best Forklift Operator "," August 11, 2022 "," Setapp "," Gamedust "," Unity "
"Banners of Ruin: Collection "," July 29, 2021; &quot;Powdermaster DLC&quot; - July 29, 2022 "," MonteBearo "," Goblinz Publishing, Maple Whispering Limited "," Unity "
"Stranded Deep "," August 11, 2022 "," Beam Team Games "," Beam Team Publishing "," Unity "
"Cult of the Lamb: Cultist Edition "," August 11, 2022 "," Massive Monster "," Devolver Digital "," Unity "
"Pulling No Punches "," August 11, 2022 "," BrainDead Broccoli "," BrainDead Broccoli "," Unity "
"Arcade Paradise "," August 11, 2022 "," Nosebleed Interactive "," Wired Productions "," Unity "
"Lost in Play "," August 10, 2022 "," Happy Juice Games "," Joystick Ventures "," Unity "
"Railroad Corporation: Complete Collection "," November 18, 2019 "," Corbie Games "," Iceberg Interactive "," Unity "
"Dream Cycle "," August 9, 2022 "," Cathuria Games "," Raw Fury "," Unity "
"Tyrant's Blessing "," August 8, 2022 "," Mercury Game Studio "," Freedom Games "," Unity "
"Solace Crafting "," August 2, 2022 "," Big Kitty Games "," Big Kitty Games "," Unity "
"Afterthought "," August 1, 2022 "," Studio Moondowner "," Studio Moondowner "," Unity "
"Star Valor "," August 3, 2022 "," Rafael Burgos "," Rafael Burgos "," Unity "
"Tiny Tactics "," August 5, 2022 "," Tiny Forge Gaming "," Tiny Forge Gaming "," Unity "
"Supernova Tactics "," August 1, 2022 "," Peepod Inc. "," Peepod Inc. "," Unity "
"Hard West 2 "," August 4, 2022 "," Ice Code Games "," Good Shepherd Entertainment "," Unity "
"Love, Money, Rock'n'Roll "," August 4, 2022 "," Soviet Games "," Soviet Games "," Unity "
"The Mortuary Assistant "," August 2, 2022 "," DarkStone Digital "," DreadXP "," Unity "
"South of the Circle "," August 3, 2022 "," State of Play "," 11 bit studios "," Unity "
"Yeomna: The Legend of Dongbaek "," July 31, 2022 "," catnipstudio "," catnipstudio "," Unity "
"Cut to the Core "," August 1, 2022 "," Plasma Press "," AAD Productions "," Unity "
"Mr. Prepper "," March 18, 2021; &quot;Automation Update&quot; - July 30, 2022 "," Rejected Games "," PlayWay S.A., Rejected Games "," Unity "
"Offroad Horizons: Arcade Rock Crawling "," July 30, 2022 "," Grenoble Interactive, LLC "," Grenoble Interactive, LLC "," Unity "
"Hunkenstein "," July 27, 2022 "," Oubliette "," Oubliette "," Unity "
"Bear &amp; Breakfast "," July 28, 2022 "," Gummy Cat "," Armor Games Studios "," Unity "
"PlayForm: Human Dynamics "," July 27, 2022 "," Code}{atch "," Code}{atch "," Unity "
"Ctrl Alt Ego "," July 22, 2022 "," MindThunk "," MindThunk "," Unity "
"Curse of the Deadwood "," July 28, 2022 "," Steamroller Studios "," Steamroller Studios "," Unity "
"Digimon Survive "," July 29, 2022 "," HYDE, Inc. "," Bandai Namco Entertainment Inc. "," Unity "
"LOST EPIC: Premium Edition "," July 28, 2022 "," oneoreight, Team EARTHWARS "," oneoreight "," Unity "
"TVs: The Awakening "," July 28, 2022 "," Mizrab, Ctrl A Studio "," Mizrab "," Unity "
"Age of Undead "," July 26, 2022 "," Insane Dreamers "," Insane Dreamers "," Unity "
"Fire Commander "," July 27, 2022 "," Atomic Wolf, Pixel Crow Games "," Movie Games S.A. "," Unity "
"Car Mechanic Simulator 2021 "," August 11, 2021 "," Red Dot Games "," PlayWay S.A. "," Unity "
"TombStar "," July 20, 2022 "," Andy Sum, Marcus Grambau "," No More Robots "," Unity "
"Blood &amp; Zombies "," July 26, 2022 "," Wild Monkey "," Freedom Games "," Unity "
"My Time At Portia "," January 15, 2019 ~ July 22, 2022 "," Pathea Games "," Team17 "," Unity "
"World's End Club "," November 30, 2021 "," IzanagiGames, Too Kyo Games, Grounding Inc., ESQUADRA,inc. "," IzanagiGames "," Unity "
"Mari and Bayu: The Road Home "," July 19, 2022 "," Skinny Bandit "," PID Games "," Unity "
"Phoenix Point: Complete Edition "," December 3, 2019 "," Snapshot Games "," Snapshot Games "," Unity "
"As Dusk Falls "," July 19, 2022 "," INTERIOR NIGHT "," Xbox Game Studios "," Unity "
"Danganronpa S: Ultimate Summer Camp "," July 21, 2022 "," Spike Chunsoft Co., Ltd. "," Spike Chunsoft Co., Ltd. "," Unity "
"Hellpoint: Ultimate Edition "," July 30, 2020 ~ July 16, 2022 "," Cradle Games "," tinyBuild "," Unity "
"House Party "," July 16, 2022 "," Eek! Games, LLC "," Eek! Games, LLC "," Unity "
"PowerWash Simulator "," July 14, 2022 "," FuturLab "," Square Enix "," Unity "
"DC League of Super-Pets: The Adventures of Krypto and Ace "," July 15, 2022 "," PHL Collective "," Outright Games Ltd. "," Unity "
"OPUS: Echo of Starsong - Full Bloom Edition "," September 1, 2021 "," SIGONO INC. "," SIGONO INC. "," Unity "
"The Tale of Bistun "," July 13, 2022 "," Black Cube Games "," IMGN.PRO "," Unity "
"Rune Factory 5 "," July 13, 2022 "," Marvelous Inc. "," XSEED Games, Marvelous USA, Inc., Marvelous "," Unity "
"XEL "," July 12, 2022 "," Tiny Roar "," Assemble Entertainment "," Unity "
"Void: Dementia "," July 13, 2022 "," J2YSOFT "," J2YSOFT "," Unity "
"Voice of Cards: The Forsaken Maiden "," February 17, 2022; &quot;Denuvoless Dev Build&quot; - July 13, 2022 "," Square Enix "," Square Enix "," Unity "
"StarFlint the BlackHole Prophecy "," July 8, 2022 "," PANTANG Studio "," PANTANG Studio "," Unity "
"Yurukill: The Calumniation Games "," July 8, 2022 "," IzanagiGames, G.rev Ltd., ESQUADRA,inc. "," IzanagiGames "," Unity "
"ALUMNI: Escape Room Adventure "," July 8, 2022 "," M9 Games "," M9 Games "," Unity "
"Edge of Eternity: Digital Deluxe Edition "," June 8, 2021 "," Midgar Studio "," Dear Villagers, Maple Whispering Limited "," Unity "
"Matchpoint: Tennis Championships "," July 7, 2022 "," Torus Games "," Kalypso Media "," Unity "
"Dragon Forge "," July 8, 2022 "," Legend Studio "," Legend Studio "," Unity "
"Klonoa: Phantasy Reverie Series "," July 8, 2022 "," MONKEYCRAFT Co. Ltd. "," Bandai Namco Entertainment "," Unity "
"MADiSON "," July 8, 2022 "," BLOODIOUS GAMES "," BLOODIOUS GAMES "," Unity "
"Escape Game: FORT BOYARD 2022 "," July 7, 2022 "," Balio Studio "," Microids "," Unity "
"Kamikaze Veggies "," July 7, 2022 "," Red Limb Studio "," Red Limb Studio "," Unity "
"GWENT: Rogue Mage "," July 7, 2022 "," CD PROJEKT RED "," CD PROJEKT RED "," Unity "
"Echo Generation "," October 21, 2021 "," Cococucumber "," Cococucumber "," Unity "
"Mini Maker: Make A Thing "," June 28, 2022 "," Casa Rara "," Casa Rara "," Unity "
"TUNIC "," March 16, 2022 "," Andrew Shouldice "," Finji "," Unity "
"Descenders "," May 7, 2019; &quot;The Mischief Tour Update&quot; - June 23, 2022 "," RageSquid "," No More Robots "," Unity "
"Inscryption "," October 19, 2021 "," Daniel Mullins Games "," Devolver Digital "," Unity "
"Legend of Keepers: Career of a Dungeon Manager "," April 29, 2021; &quot;Soul Smugglers DLC&quot; - June 20, 2022 "," Goblinz Studio "," Goblinz Publishing "," Unity "
"Regular Factory: Escape Room "," April 13, 2022 "," mc2games "," mc2games "," Unity "
"Cuphead "," September 29, 2017; &quot;The Delicious Last Course DLC&quot; - June 30, 2022 "," Studio MDHR Entertainment Inc. "," Studio MDHR Entertainment Inc. "," Unity "
"The Galactic Junkers "," June 30, 2022 "," Evil Twin Artworks "," Green Man Gaming Publishing "," Unity "
"AI: THE SOMNIUM FILES - nirvanA Initiative "," June 24, 2022 "," Spike Chunsoft Co., Ltd. "," Spike Chunsoft Co., Ltd. "," Unity "
"Hidden Treasures in the Forest of Dreams "," June 25, 2022 "," Paleo Games LLC "," Paleo Games LLC "," Unity "
"FAR: Lone Sails - Collector's Edition "," May 17, 2018; &quot;v1.3 Update&quot; - June 8, 2022 "," Okomotive "," Mixtvision "," Unity "
"Beautiful Desolation: Deluxe Edition "," February 26, 2020 "," The Brotherhood "," The Brotherhood "," Unity "
"Autobahn Police Simulator 3 "," June 23, 2022 "," Z-Software "," Aerosoft GmbH "," Unity "
"Golf With Your Friends "," May 19, 2020 "," Blacklight Interactive "," Team17 Digital "," Unity "
"The Long Dark "," August 1, 2017; &quot;Episode 4&quot; - October 6, 2021 "," Hinterland Studio Inc. "," Hinterland Studio Inc. "," Unity "
"Raft "," June 20, 2022 "," Redbeet Interactive "," Axolot Games "," Unity "
"Iron Harvest "," September 1, 2020 "," KING Art "," Deep Silver "," Unity "
"Zorro: The Chronicles "," June 16, 2022 "," BKOM Studios "," Nacon "," Unity "
"American Theft 80s "," June 15, 2022 "," Noble Muffins "," PlayWay S.A. "," Unity "
"Neon White "," June 16, 2022 "," Angel Matrix "," Annapurna Interactive "," Unity "
"Skeleton Crew "," June 16, 2022 "," Cinder Cone "," Modern Wolf "," Unity "
"Final Vendetta "," June 17, 2022 "," Bitmap Bureau "," Numskull Games "," Unity "
"Starship Troopers: Terran Command "," June 16, 2022 "," The Artistocrats "," Slitherine Ltd. "," Unity "
"Logicality "," June 14, 2022 "," SVGames "," SVGames "," Unity "
"HUMANKIND: Collection "," August 17, 2021 "," AMPLITUDE Studios "," SEGA "," Unity "
"Deadly Premonition 2: A Blessing in Disguise "," June 12, 2022 "," Toy Box Inc., White Owls Inc. "," Rising Star Games "," Unity "
"Builder Simulator "," June 9, 2022 "," Live Motion Games "," Live Motion Games, Frozen Way "," Unity "
"METAL MAX Xeno Reborn: Digital Deluxe Edition "," June 10, 2022 "," Kadokawa Games "," PQube "," Unity "
"POSTAL: Brain Damaged "," June 9, 2022 "," Hyperstrange, CreativeForge Games "," Running With Scissors, Hyperstrange "," Unity "
"Armor Clash 2022 "," February 10, 2022; &quot;v1.0 Update&quot; - June 6, 2022 "," Windforce "," Windforce "," Unity "
"Escape Simulator "," October 19, 2021 "," Pine Studio "," Pine Studio "," Unity "
"Card Shark "," June 2, 2022 "," Nerial "," Devolver Digital "," Unity "
"EMPYRE: Dukes of the Far Frontier "," June 3, 2022 "," Coin Operated Games "," Work Shift Play Inc. "," Unity "
"Tormented Souls "," August 27, 2021 "," Dual Effect, Abstract Digital "," PQube Limited "," Unity "
"Silt "," June 1, 2022 "," Spiral Circus Games "," Fireshine Games "," Unity "
"Escape the Ayuwoki DEMAKE "," May 31, 2022 "," Deadlycrow Games "," Deadlycrow Games "," Unity "
"SOOT "," May 27, 2022 "," Ceiba Software and Arts "," Badland Publishing, Micropsia Games SpA "," Unity "
"PAC-MAN MUSEUM+ "," May 27, 2022 "," Bandai Namco Entertainment, Inc. "," Bandai Namco Entertainment America Inc. "," Unity "
"My Little Pony: A Maretime Bay Adventure "," May 27, 2022 "," Melbot Studios "," Outright Games Ltd. "," Unity "
"Unexplored 2: The Wayfarer's Legacy "," May 27, 2022 "," Ludomotion "," Big Sugar "," Unity "
"Interstellar Space: Genesis "," July 25, 2019 "," Praxis Games "," Praxis Games "," Unity "
"Moo Lander "," May 27, 2022 "," The Sixth Hammer "," The Sixth Hammer "," Unity "
"Out There: Oceans of Time "," May 26, 2022 "," Mi-Clos Studio, Goblinz Studio "," Modern Wolf, Fractale, WhisperGames "," Unity "
"Sonority "," May 25, 2022 "," Hanging Gardens Interactive "," Application Systems Heidelberg "," Unity "
"Metavusking "," April 28, 2022 "," innoVENTOR Inc. "," innoVENTOR Inc. "," Unity "
"Hardspace: Shipbreaker "," May 24, 2022 "," Blackbird Interactive "," Focus Entertainment "," Unity "
"Hovercars 3077: Underground Racing "," May 19, 2022 "," Airem, Airem Motorsport Tech "," Airem "," Unity "
"Soda Crisis "," May 24, 2022 "," Team Soda "," bilibili "," Unity "
"They Are Coming! "," May 20, 2022 "," The 6-month initiative "," Freedom Games "," Unity "
"Linguist FPS: The Language Learning FPS "," May 20, 2022 "," Rocket Boy Games "," Rocket Boy Games "," Unity "
"Furi "," July 5, 2016; &quot;Onnamusha DLC&quot; - May 17, 2022 "," The Game Bakers "," The Game Bakers "," Unity "
"Punk Wars "," November 11, 2021 "," Strategy Forge S.A. "," Jujubee S.A., Strategy Forge S.A. "," Unity "
"Decision: Red Daze "," May 19, 2022 "," FlyAnvil "," Nordcurrent Labs "," Unity "
"Tennis Manager 2022 "," May 17, 2022 "," Rebound CG "," Rebound CG "," Unity "
"Outward: Definitive Edition "," May 17, 2022 "," Nine Dots Studio "," Prime Matter "," Unity "
"Curious Expedition 2 "," January 28, 2021 "," Maschinen-Mensch "," Thunderful "," Unity "
"Eternal Threads "," May 19, 2022 "," Cosmonaut Studios "," Secret Mode "," Unity "
"Old World "," December 28, 2021 "," Mohawk Games "," Mohawk Games "," Unity "
"Endzone: A World Apart "," March 18, 2021 "," gentlymad "," Assemble Entertainment "," Unity "
"Witching Hour "," May 18, 2022 "," Vincent Lade "," Vincent Lade "," Unity "
"Gloomhaven "," October 20, 2021; &quot;Jaws of the Lion DLC&quot; - May 17, 2022 "," Flaming Fowl Studios "," Asmodee Digital "," Unity "
"Dwarfenstein "," May 13, 2022 "," Alex Djenkov "," Alex Djenkov "," Unity "
"Swordbreaker: Origins "," May 13, 2022 "," DuCats Games Studio "," DuCats Games Studio "," Unity "
"Vox Machinae "," May 13, 2022 "," Space Bullet Dynamics Corporation "," Space Bullet Dynamics Corporation "," Unity "
"Tin Can "," May 12, 2022 "," Tin Can Studio "," Tin Can Studio, IndieArk "," Unity "
"Aery: A New Frontier "," May 13, 2022 "," EpiXR Games UG "," EpiXR Games UG "," Unity "
"Riftbound "," May 12, 2022 "," Barrel Smash Studios "," Barrel Smash Studios "," Unity "
"House Flipper "," May 17, 2018 ~ October 14, 2021 "," Empyrean "," Frozen District, PlayWay S.A. "," Unity "
"Brigandine: The Legend of Runersia "," May 11, 2022 "," Happinet, Matrix "," Happinet "," Unity "
"Eiyuden Chronicle: Rising "," May 10, 2022 "," Natsume Atari "," 505 Games "," Unity "
"The Cleaner "," May 5, 2022 "," Dystopia Corp "," Dystopia Corp "," Unity "
"Festival Tycoon "," May 4, 2022 "," Johannes GÃ¤bler "," Future Friends Games, Johannes GÃ¤bler "," Unity "
"Citizen Sleeper: Deluxe Edition "," May 5, 2022 "," Jump Over The Age "," Fellow Traveller "," Unity "
"Dinosaur Fossil Hunter "," May 4, 2022 "," Pyramid Games "," Pyramid Games, PlayWay S.A. "," Unity "
"Wildcat Gun Machine "," May 4, 2022 "," Chunkybox Games "," Daedalic Entertainment "," Unity "
"Best Month Ever! "," May 5, 2022 "," Warsaw Film School Video Game &amp; Film Production Studio "," Klabater "," Unity "
"Loot River "," May 3, 2022 "," straka.studio "," straka.studio, SUPERHOT "," Unity "
"Age of Grit "," May 3, 2022 "," IQ Soup "," IQ Soup "," Unity "
"Per Aspera: Deluxe Edition "," December 3, 2020 "," Tlon Industries "," Raw Fury Games "," Unity "
"Deadly Dozen Reloaded "," April 29, 2022 "," N-Fusion Interactive "," Ziggurat "," Unity "
"Trigon: Space Story "," April 28, 2022 "," Sernur.tech "," Gameforge 4D GmbH "," Unity "
"Mickey Storm and the Cursed Mask "," April 29, 2022 "," Triangle Studios "," Lion Castle Entertainment "," Unity "
"The House of the Dead: Remake "," April 28, 2022 "," MegaPixel Studio S. A. "," Forever Entertainment S. A. "," Unity "
"Kapital: Sparks of Revolution "," April 28, 2022 "," Lapovich Team "," 1C Entertainment "," Unity "
"Voice of Cards: The Isle Dragon Roars "," October 28, 2021; &quot;Denuvo Remuvo&quot; - April 28, 2022 "," Square Enix "," Square Enix "," Unity "
"The Stanley Parable: Ultra Deluxe "," April 27, 2022 "," Crows Crows Crows "," Crows Crows Crows "," Unity "
"Iron Guard "," April 26, 2022 "," Xlab Digital "," Xlab Digital "," Unity "
"The Serpent Rogue "," April 26, 2022 "," Sengi Games "," Team17 "," Unity "
"Ragnorium "," April 25, 2022 "," Vitali Kirpu "," Devolver Digital "," Unity "
"VELONE: Supporter Bundle "," April 21, 2022 "," ZAR 21 "," Daedalic Entertainment "," Unity "
"Skabma: Snowfall "," April 22, 2022 "," Red Stage Entertainment "," PID Games, Sunsoft "," Unity "
"AI War 2: Complete Edition "," October 22, 2019; &quot;The Neinzul Abyss DLC&quot; - April 22, 2022 "," Arcen Games, LLC "," Arcen Games, LLC "," Unity "
"Pathfinder: Wrath of the Righteous - Mythic Edition "," September 2, 2021; &quot;Through the Ashes DLC&quot; - April 21, 2022 "," Owlcat Games "," META Publishing, Owlcat Games "," Unity "
"Warhammer 40,000: Battlesector "," July 22, 2021 "," Black Lab Games "," Slitherine Ltd. "," Unity "
"Aircraft Carrier Survival "," April 20, 2022 "," Gambit Games Studio "," CreativeForge Games "," Unity "
"First Hero: Epic of Gilgamesh "," April 18, 2022 "," Koala Medialab "," Koala Medialab "," Unity "
"Solasta: Crown of the Magister "," May 27, 2021; &quot;Lost Valley DLC&quot; - April 14, 2022 "," Tactical Adventures "," Tactical Adventures "," Unity "
"Car Detailing Simulator "," April 13, 2022 "," Games Incubator, GameFormatic S.A. "," Games Incubator, PlayWay S.A. "," Unity "
"Car Mechanic Simulator 2021 "," August 11, 2021 "," Red Dot Games "," PlayWay S.A. "," Unity "
"Train Station Renovation "," October 1, 2020; &quot;Germany DLC&quot; - April 5, 2022 "," Live Motion Games "," Live Motion Games, PlayWay S.A. "," Unity "
"Serious Sam: Tormental "," April 8, 2022 "," Gungrounds, Croteam "," Devolver Digital "," Unity "
"Nature's Habit "," April 7, 2022 "," Wassem Bata, Tariq Hassan "," Wassem Bata "," Unity "
"Outbreak: Contagious Memories "," April 6, 2022 "," Dead Drop Studios LLC "," Dead Drop Studios LLC "," Unity "
"Model Builder "," February 8, 2022 "," Moonlit S.A., Kuba WÃ³jcik "," Green Man Gaming Publishing "," Unity "
"Catie in MeowmeowLand "," March 31, 2022 "," ARTillery "," Blowfish Studios, Gamera Game "," Unity "
"Green Hell "," September 5, 2019 "," Creepy Jar "," Creepy Jar "," Unity "
"Red Wings: American Aces "," March 31, 2022 "," Ironbird Creations "," All in! Games "," Unity "
"Aery: Calm Mind 2 "," March 29, 2022 "," EpiXR Games UG "," EpiXR Games UG "," Unity "
"Girl Agent "," March 29, 2022 "," Aged Immortals "," Aged Immortals "," Unity "
"Abermore "," March 29, 2022 "," Four Circle Interactive "," Fireshine Games "," Unity "
"Disciples: Liberation - Deluxe Edition "," October 21, 2021 "," Frima Studio "," Kalypso Media "," Unity "
"A Memoir Blue "," March 24, 2022 "," Cloisters Interactive "," Annapurna Interactive "," Unity "
"World of Contraptions "," March 24, 2022 "," JCP Games Studio "," JCP Games Studio "," Unity "
"ITORAH "," March 21, 2022 "," Grimbart Tales "," Assemble Entertainment "," Unity "
"The Closing Shift "," March 19, 2022 "," Chilla's Art "," Chilla's Art "," Unity "
"KUR "," March 17, 2022 "," Really Ragdoll "," The Quantum Astrophysicists Guild "," Unity "
"Aethernaut "," March 15, 2022 "," Dragon Slumber "," Dragon Slumber "," Unity "
"Shredders "," March 16, 2022 "," FoamPunch "," FoamPunch "," Unity "
"No Place Like Home "," March 17, 2022 "," Chicken Launcher "," Realms Distribution "," Unity "
"Before We Leave "," May 13, 2021 "," Balancing Monkey Games "," Team17 "," Unity "
"Syberia: The World Before - Deluxe Edition "," March 18, 2022 "," Microids Studio Paris "," Microids "," Unity "
"Mad Streets "," March 15, 2022 "," Craftshop Arts Inc. "," Craftshop Arts Inc. "," Unity "
"Black Geyser: Couriers of Darkness "," March 17, 2022 "," GrapeOcean Technologies "," V Publishing, GrapeOcean Technologies "," Unity "
"Spaceland: Sci-Fi Indie Tactics "," September 30, 2019; &quot;Frontier DLC&quot; - March 17, 2022 "," Tortuga Team "," Tortuga Team "," Unity "
"Onde "," March 17, 2022 "," Lance, 3-50 "," Mixtvision "," Unity "
"ANNO: Mutationem - Collectors Edition "," March 17, 2022 "," ThinkingStars "," Lightning Games "," Unity "
"TUNIC "," March 16, 2022 "," Andrew Shouldice "," Finji "," Unity "
"Dawn of the Monsters "," March 15, 2022 "," 13AM Games, WayForward "," WayForward "," Unity "
"Two Point Hospital "," August 30, 2018 "," Two Point Studios "," Sega "," Unity "
"The Last Cube "," March 10, 2022 "," Improx Games "," Improx Games "," Unity "
"Lawn Mowing Simulator "," August 10, 2021 "," Skyhook Games "," Curve Digital "," Unity "
"Hotel Transylvania: Scary-Tale Adventures "," March 11, 2022 "," Drakhar Studios "," Outright Games Ltd. "," Unity "
"Aztech Forgotten Gods "," March 10, 2022 "," Lienzo "," Lienzo "," Unity "
"Buccaneers! "," March 7, 2022 "," Skyward Digital "," Valkyrie Initiative "," Unity "
"Animallica "," March 5, 2022 "," Animallica Games Studio "," Animallica Games Studio "," Unity "
"Leave No One Behind: la Drang "," March 2, 2022 "," Gaming 301 "," Gaming 301 "," Unity "
"Pathfinder: Wrath of the Righteous - Commander Edition "," September 2, 2021 "," Owlcat Games "," META Publishing, Owlcat Games "," Unity "
"HordeCore! "," March 2, 2022 "," Digitality Studios "," META Publishing "," Unity "
"Car Mechanic Simulator 2018 "," July 28, 2017 "," Red Dot Games "," PlayWay "," Unity "
"Warhammer 40,000: Space Wolf "," September 21, 2017 ~ March 3, 2022 "," HeroCraft PC "," HeroCraft PC "," Unity "
"Beholder 3 "," March 3, 2022 "," Paintbucket Games "," Alawar Premium "," Unity "
"FAR: Changing Tides "," March 1, 2022 "," Okomotive "," Frontier Developments "," Unity "
"Grow: Song of the Evertree "," November 16, 2021 "," Prideful Sloth "," 505 Games "," Unity "
"Rocco's Island: Ring to End the Pain "," March 2, 2022 "," Cogoo "," Cogoo "," Unity "
"Phoenix Point: Year One Edition "," December 3, 2019 "," Snapshot Games "," Snapshot Games "," Unity "
"Risk of Rain 2 "," August 11, 2020; &quot;Survivors of the Void Expansion&quot; - March 1, 2022 "," Hopoo Games "," Gearbox Publishing "," Unity "
"Conan Chop Chop "," March 1, 2022 "," Mighty Kingdom "," Funcom "," Unity "
"Way Down "," February 28, 2022 "," Gammera Nest "," Gammera Nest "," Unity "
"Ghost on the Shore "," February 24, 2022 "," like Charlie "," Application Systems Heidelberg "," Unity "
"Mayhem Brawler "," August 19, 2021 "," Hero Concept "," Hero Concept "," Unity "
"MiniGolf Maker "," February 25, 2022 "," Road Turtle Games "," Road Turtle Games "," Unity "
"Heroine Anthem Zero 2: Scalescars Oath "," February 22, 2022 "," WindThunder Studio "," Skywalker HK "," Unity "
"Super Toy Cars Offroad "," February 18, 2022 "," Eclipse Games "," Eclipse Games "," Unity "
"Black Book: Deluxe Edition "," August 10, 2021 "," Morteshka "," HypeTrain Digital "," Unity "
"Guntech 2 "," February 16, 2022 "," Jani Penttinen "," Utopos Games "," Unity "
"Home Behind 2 "," February 16, 2022 "," TPP Studio "," TPP Studio "," Unity "
"Rift World "," February 12, 2022 "," Cerulean Interactive "," Cerulean Interactive "," Unity "
"Derpy Conga "," February 10, 2022 "," Giant Door "," Giant Door "," Unity "
"Kardboard Kings: Card Shop Simulator "," February 10, 2022 "," Henry's House, Oscar Brittain, Rob Gross "," Akupara Games "," Unity "
"Encased: A Sci-Fi Post-Apocalyptic RPG - Supporter Pack Edition "," September 7, 2021 "," Dark Crystal Games "," Prime Matter "," Unity "
"Lust from Beyond: M Edition "," February 10, 2022 "," Movie Games Lunarium "," Movie Games S.A. "," Unity "
"Model Builder "," February 8, 2022 "," Moonlit S.A., Kuba WÃ³jcik "," Green Man Gaming Publishing "," Unity "
"Skater XL: The Ultimate Skateboarding Game "," July 28, 2020 "," Easy Day Studios "," Easy Day Studios "," Unity "
"Enemy Remains "," February 6, 2022 "," GameRealmMadness "," GameRealmMadness "," Unity "
"Pronty: Fishy Adventure "," November 19, 2021 "," 18Light Game Ltd., FunZone Games "," 18Light Game Ltd., CE-Asia, Joy Brick, Mayflower Entertainment "," Unity "
"OlliOlli World "," February 7, 2022 "," Roll7 "," Private Division "," Unity "
"Tank Mechanic Simulator "," February 20, 2020 "," DeGenerals "," PlayWay "," Unity "
"Car Mechanic Simulator 2021 "," August 11, 2021 "," Red Dot Games "," PlayWay S.A. "," Unity "
"Nickelodeon All-Star Brawl "," October 5, 2021 "," Ludosity, Fair Play Labs "," GameMill Entertainment "," Unity "
"Heart of a Warrior "," February 2, 2022 "," Techworld Communication "," Techworld Communication "," Unity "
"Life is Strange: Before the Storm Remastered "," February 1, 2022 "," Deck Nine "," Square Enix "," Unity "
"Neon Abyss: Deluxe Edition "," July 14, 2020; &quot;Chrono Trap DLC&quot; - January 27, 2022 "," Veewo Games "," Team17, Yooreka Studio (China) "," Unity "
"RC Rush "," January 28, 2022 "," Tea Monster Games, 4 Fun Studio "," Tea Monster Games "," Unity "
"The Invisible Hand "," May 7, 2021; &quot;The Family Office Update&quot; - January 26, 2022 "," Power Struggle Games "," Fellow Traveller "," Unity "
"Not For Broadcast "," January 25, 2022 "," NotGames "," tinyBuild "," Unity "
"Haven "," December 3, 2020; v1.1.288s Update - January 26, 2022 "," The Game Bakers "," The Game Bakers "," Unity "
"Bloody Spell "," January 26, 2022 "," Elong Games "," Elong Games "," Unity "
"Reverie Knights Tactics "," January 25, 2022 "," 40 Giants Entertainment "," 1C Entertainment "," Unity "
"KAPIA "," January 25, 2022 "," 2 FOR 2 "," 2 FOR 2 "," Unity "
"Cities: Skylines - Deluxe Edition "," March 10, 2015 "," Colossal Order "," Paradox Interactive "," Unity "
"Warriors: Rise to Glory "," January 20, 2022 "," Gavra Games "," Gavra Games "," Unity "
"Farm Manager 2021 "," May 6, 2021 "," Cleversan Software "," PlayWay S.A., Sim Farm S.A. "," Unity "
"Just Ride: Apparent Horizon "," May 30, 2019 ~ November 11, 2021 "," Horus Games "," Horus Games, Cheese Games "," Unity "
"Hot Lava "," September 19, 2019 "," Klei Entertainment "," Klei Entertainment "," Unity "
"Empire of Ember "," January 20, 2022 "," Poleaxe Games LLC "," Poleaxe Games LLC "," Unity "
"NEEDY STREAMER OVERLOAD / NEEDY GIRL OVERDOSE "," January 21, 2022 "," WSS playground, xemono "," WSS playground "," Unity "
"Wars and Roses "," January 21, 2022 "," Blaze Worlds "," Blaze Worlds "," Unity "
"Aquamarine "," January 20, 2022 "," Moebial Studios "," Hitcents "," Unity "
"HUMANKIND: Digital Deluxe Early Adopter Edition "," August 17, 2021 "," AMPLITUDE Studios "," SEGA "," Unity "
"Warspace "," January 18, 2022 "," Real Gamer "," Real Gamer "," Unity "
"The Wind Road "," July 9, 2020 ~ July 22, 2021 "," Gansu Jiayuan Digital Technology Co. "," Phoenix Games "," Unity "
"Blackwind "," January 20, 2022 "," Drakkar Dev "," Blowfish Studios, Gamera Game "," Unity "
"Time Master "," January 18, 2022 "," MorpheusZ "," MorpheusZ "," Unity "
"Gamer Shop Simulator "," November 6, 2021; &quot;v22.01.14 Update&quot; - January 14, 2022 "," DiamosDev "," DiamosDev "," Unity "
"Candy Disaster: Tower Defense "," November 12, 2021; v2.0.9 Update - January 14, 2022 "," ACE Entertainment "," Cyberisle Inc. "," Unity "
"HARDCORE MECHA: Fighter's Edition "," June 26, 2019 ~ January 14, 2022 "," RocketPunch Games "," RocketPunch Games, Lightning Games "," Unity "
"Airport CEO "," March 4, 2021; &quot;Beasts of the East DLC&quot; - January 14, 2022 "," Apog Labs "," Apog Labs "," Unity "
"Aery: Dreamscape "," January 14, 2022 "," EpiXR Games UG "," EpiXR Games UG "," Unity "
"Pleasure Party "," January 14, 2022 "," HFTGames "," HFTGames "," Unity "
"Sacrifice of The Spirit "," January 13, 2022 "," Luiz Felipe Da Silva Marian "," MushRoom Angels games "," Unity "
"Xtreme Aces Racing "," January 13, 2022 "," Under Control Games "," Under Control Games "," Unity "
"Biker Garage: Mechanic Simulator - Anniversary Edition "," November 28, 2019 "," BeardedBrothers.games "," BeardedBrothers.games "," Unity "
"Tested on Humans: Escape Room "," February 24, 2021 "," mc2games "," mc2games "," Unity "
"Mars Horizon "," November 17, 2020 ~ January 11, 2022 "," Auroch Digital "," The Irregular Corporation "," Unity "
"Yoga Master "," January 3, 2022 "," My World "," My World srls "," Unity "
"PaintBall War 2 "," January 8, 2022 "," ShadowWolf Games "," ShadowWolf Games "," Unity "
"Intruder on the Bridge "," December 2, 2021 "," Space Samurai Studio "," Space Samurai Studio "," Unity "
"Internet Cafe Simulator 2 "," January 7, 2022 "," Cheesecake Dev "," Cheesecake Dev "," Unity "
"Boyfriend Dungeon "," August 11, 2021 "," Kitfox Games "," Kitfox Games "," Unity "
"MADNESS: Project Nexus "," September 29, 2021 "," GIBBING TREE, LLC "," GIBBING TREE, LLC "," Unity "
"Fast Food Manager "," December 26, 2021 "," Cyber Eye "," Cyber Eye "," Unity "
"Black Book: Supporter Bundle "," August 10, 2021 "," Morteshka "," HypeTrain Digital "," Unity "
"Leaf Me Alone "," July 30, 2021 "," cream "," cream "," Unity "
"Totally Accurate Battle Simulator "," April 1, 2021 "," Landfall Games "," Landfall Games "," Unity "
"Railroad Corporation: Complete Collection "," November 18, 2019 "," Corbie Games "," Iceberg Interactive "," Unity "
"Inscryption "," October 19, 2021 "," Daniel Mullins Games "," Devolver Digital "," Unity "
"War Room "," November 17, 2020; &quot;v1.2.0D Update&quot; - December 26, 2021 "," Binge Gaming OU, Wastelands Interactive "," Binge Gaming OU "," Unity "
"Old World "," &quot;Early Access&quot; - May 5, 2020; v.1.0.56632 - December 28, 2021 "," Mohawk Games "," Mohawk Games "," Unity "
"Legends of Ellaria "," April 1, 2021 "," Larkon Studio "," Larkon Studio "," Unity "
"The Good Life "," October 15, 2021 "," White Owls Inc. "," PLAYISM "," Unity "
"Beyond Mankind: The Awakening "," August 31, 2021 "," Brytenwalda "," Brytenwalda "," Unity "
"Dungeon Of Dragon Knight: Collector Edition "," July 10, 2019; v1.0161 - December 20, 2021 "," HexGameStudio "," HexGameStudio "," Unity "
"Empyrion: Galactic Survival "," August 5, 2020 "," Eleon Game Studios "," Eleon Game Studios "," Unity "
"Disciples: Liberation "," October 21, 2021 "," Frima Studio "," Kalypso Media "," Unity "
"Keyword: A Spider's Thread "," September 28, 2021 "," City From Naught Inc. "," City From Naught Inc., Gamera Game, idealCat "," Unity "
"Castle Flipper "," May 26, 2021 "," Pyramid Games "," Gaming Factory S.A., Ultimate Games S.A. "," Unity "
"Wonhon: A Vengeful Spirit "," July 15, 2021 "," BUSAN SANAI GAMES "," Super.com "," Unity "
"Secret Government "," April 15, 2021; &quot;v2.0 Update&quot; - December 16, 2021 "," GameTrek "," 1C Entertainment "," Unity "
"Tormented Souls "," August 27, 2021 "," Dual Effect, Abstract Digital "," PQube Limited "," Unity "
"Alfred Hitchcock: Vertigo "," December 16, 2021 "," Pendulo Studios "," Microids "," Unity "
"Oxygen Not Included "," July 30, 2019; &quot;Spaced Out! DLC&quot; - December 16, 2021 "," Klei Entertainment "," Klei Entertainment "," Unity "
"Savage Lands "," December 16, 2021 "," Last Bastion Studios LLC "," Last Bastion Studios LLC "," Unity "
"Aspire: Ina's Tale "," December 17, 2021 "," Wondernaut Studio "," Untold Tales "," Unity "
"Trailmakers "," September 18, 2019 "," Flashbulb Games "," Flashbulb Games "," Unity "
"Sands of Salzaar "," December 16, 2021 "," Han-Squirrel Studio "," XD "," Unity "
"Deiland: Pocket Planet "," December 15, 2021 "," Chibig "," Chibig "," Unity "
"Star Renegades "," September 8, 2020; &quot;Prime Dimension DLC&quot; - December 16, 2021 "," Massive Damage, Inc. "," Raw Fury "," Unity "
"Trash Sailors "," December 16, 2021 "," fluckyMachine "," tinyBuild "," Unity "
"Othercide "," July 27, 2020; &quot;Beauty Will Remain Update&quot; - December 13, 2021 "," Lightbulb Crew "," Focus Home Interactive "," Unity "
"Rugby Union Team Manager 3 "," October 8, 2020; &quot;Season 21/22 Update&quot; - December 7, 2021 "," Alternative Software Ltd "," Alternative Software Ltd "," Unity "
"Clid The Snail "," December 15, 2021 "," Weird Beluga Studio S.L. "," Koch Media "," Unity "
"Atomicrops "," September 17, 2020; &quot;Reap What You Crow DLC&quot; - December 14, 2021 "," Bird Bath Games "," Raw Fury "," Unity "
"Praey for the Gods "," December 14, 2021 "," No Matter Studios "," No Matter Studios "," Unity "
"Beacon "," December 15, 2021 "," Monothetic LLC "," Monothetic LLC "," Unity "
"Fire &amp; Steel "," December 14, 2021 "," Kreatin Studios "," Kreatin Studios "," Unity "
"Aeterna Noctis "," December 14, 2021 "," Aeternum Game Studios S.L "," Aeternum Game Studios S.L "," Unity "
"Spiritfarer: Farewell Edition "," August 18, 2020; Farewell Edition - December 13, 2021 "," Thunder Lotus Games "," Thunder Lotus Games "," Unity "
"Prison Tycoon: Under New Management "," December 14, 2021 "," Abylight Studios "," Ziggurat "," Unity "
"Element TD 2 "," April 2, 2021 "," Element Studios "," Element Studios "," Unity "
"A-Train: All Aboard! Tourism "," December 8, 2021 "," ARTDINK "," Degica "," Unity "
"Shadow Tactics: Aiko's Choice "," December 6, 2021 "," Mimimi Games "," Daedalic Entertainment "," Unity "
"Wolfstride "," December 7, 2021 "," OTA IMON Studios "," Raw Fury "," Unity "
"Shutter 2 "," October 23, 2020; &quot;Year Two Update&quot; - December 3, 2021 "," Cosmic Logic "," Cosmic Logic "," Unity "
"Abi and the Soul "," December 2, 2021 "," David Pierucci "," PG Entertainment "," Unity "
"Heavenly Bodies "," December 7, 2021 "," 2pt Interactive "," 2pt Interactive "," Unity "
"Edge of Eternity "," June 8, 2021 "," Midgar Studio "," Dear Villagers, Maple Whispering Limited "," Unity "
"Winter Resort Simulator 2: Complete Edition "," November 26, 2020; &quot;Skischanze DLC&quot; - December 6, 2021 "," HR Innoways "," Aerosoft GmbH "," Unity "
"Escape Simulator "," October 19, 2021 "," Pine Studio "," Pine Studio "," Unity "
"Aragami 2: Digital Deluxe Edition "," September 17, 2021 "," Lince Works "," Lince Works, Yooreka Studio "," Unity "
"Asterix &amp; Obelix: Slap them All! "," December 7, 2021 "," Mr. Nutz Studio "," Microids "," Unity "
"Gear.Club Unlimited 2 - Ultimate Edition "," December 7, 2021 "," Eden Games "," Microids "," Unity "
"Spirit Oath "," December 6, 2021 "," Triangle Square "," Triangle Square "," Unity "
"White Shadows "," December 7, 2021 "," Monokel "," Thunderful Publishing, Mixtvision "," Unity "
"Frontier Pilot Simulator "," December 7, 2021 "," RAZAR s.r.o. "," RAZAR s.r.o. "," Unity "
"This Is the President "," December 6, 2021 "," SuperPAC "," THQ Nordic "," Unity "
"The Dungeon of Naheulbeuk: The Amulet of Chaos "," September 17, 2020 "," Artefacts Studio "," Plug in Digital "," Unity "
"Happy's Humble Burger Farm "," December 3, 2021 "," Scythe Dev Team "," tinyBuild "," Unity "
"Mechajammer "," December 2, 2021 "," Whalenought Studios "," Modern Wolf "," Unity "
"Warhammer 40,000: Battlesector "," July 22, 2021 "," Black Lab Games "," Slitherine Ltd. "," Unity "
"Fights in Tight Spaces "," December 2, 2021 "," Ground Shatter "," Mode 7 "," Unity "
"Highrise Mogul "," December 2, 2021 "," Olli Arkko "," Olli Arkko "," Unity "
"Shred! Remastered "," December 1, 2021 "," ASBO Interactive "," ASBO Interactive "," Unity "
"Shing! Digital Deluxe Edition "," August 28, 2020 "," Mass Creation "," Mass Creation "," Unity "
"Madness Beverage "," November 30, 2021 "," Blue Sunset Games, Console Labs S.A. "," Console Labs S.A. "," Unity "
"World's End Club "," November 30, 2021 "," IzanagiGames, Too Kyo Games, Grounding Inc., ESQUADRA,inc. "," IzanagiGames "," Unity "
"Mayhem Brawler "," August 19, 2021 "," Hero Concept "," Hero Concept "," Unity "
"Oddworld: Soulstorm - Enhanced Edition "," April 6, 2021; EE - November 30, 2021 "," Oddworld Inhabitants, Inc. "," Oddworld Inhabitants, Inc. "," Unity "
"Buried Stars "," November 29, 2021 "," LINE Games Corporation "," LINE Games Corporation "," Unity "
"Iron Guard "," September 1, 2021 "," Xlab Digital "," Xlab Digital "," Unity "
"Lawn Mowing Simulator "," August 10, 2021 "," Skyhook Games "," Curve Digital "," Unity "
"Gunfire Reborn "," November 18, 2021 "," Duoyi Games "," Duoyi Games "," Unity "
"Curious Expedition 2 "," January 28, 2021 "," Maschinen-Mensch "," Thunderful "," Unity "
"The Game of Life 2 "," December 11, 2020; &quot;Lunar Age DLC&quot; - November 24, 2021 "," Marmalade Game Studio Ltd "," Marmalade Game Studio Ltd "," Unity "
"Rustler "," August 31, 2021 "," Jutsu Games "," Games Operators, Modus Games "," Unity "
"Marsupilami: Hoobadventure "," November 16, 2021 "," Ocellus Studio "," Microids "," Unity "
"Alpine: The Simulation Game "," November 23, 2021 "," HR Innoways "," Aerosoft GmbH "," Unity "
"Superliminal "," November 12, 2019 "," Pillow Castle Games "," Pillow Castle Games "," Unity "
"The Last Stand: Aftermath "," November 16, 2021 "," Con Artist Games "," Armor Games Studios "," Unity "
"Surviving the Aftermath "," November 16, 2021 "," Iceflake Studios "," Paradox Interactive "," Unity "
"Dungeon No Dungeon "," November 20, 2021 "," 302 Studio "," 302 Studio "," Unity "
"Undungeon "," November 18, 2021 "," Laughing Machines "," tinyBuild "," Unity "
"Guild of Dungeoneering: Ultimate Edition "," July 14, 2015; &quot;Ultimate Edition&quot; - November 18, 2021 "," Gambrinous "," Gambrinous "," Unity "
"Moncage "," November 16, 2021 "," Optillusion "," XD "," Unity "
"Gravitators "," November 12, 2021 "," Insular Games "," Insular Games "," Unity "
"Next Space Rebels "," November 17, 2021 "," Studio Floris Kaayk "," Humble Games "," Unity "
"Exo One "," November 18, 2021 "," Exbleative "," Future Friends Games, Exbleative "," Unity "
"Motorcycle Mechanic Simulator 2021 "," November 17, 2021 "," Play2Chill S.A. "," PlayWay S.A., Play2Chill S.A. "," Unity "
"Pronty: Fishy Adventure "," November 19, 2021 "," 18Light Game Ltd., FunZone Games "," 18Light Game Ltd., CE-Asia, Joy Brick, Mayflower Entertainment "," Unity "
"Empire of Sin: Deluxe Edition "," December 1, 2020 "," Romero Games "," Paradox Interactive "," Unity "
"Pokemon Brilliant Diamond and Shining Pearl "," November 19, 2021 "," ILCA "," The Pokemon Company "," Unity "
"Exodus Borealis "," November 18, 2021 "," Smug Marmot Studios "," Smug Marmot Studios "," Unity "
"Cooking Simulator "," June 6, 2019; &quot;Shelter DLC&quot; - November 18, 2021 "," Big Cheese Studio "," PlayWay S.A. "," Unity "
"SimCasino "," November 16, 2021 "," LVGameDev LLC "," LVGameDev LLC "," Unity "
"Ruined King: A League of Legends Story "," November 16, 2021 "," Airship Syndicate "," Riot Forge "," Unity "
"Hextech Mayhem: A League of Legends Story "," November 16, 2021 "," Choice Provisions "," Riot Forge "," Unity "
"Agent Intercept "," June 16, 2021 "," PikPok "," PikPok "," Unity "
"Grow: Song of the Evertree "," November 16, 2021 "," Prideful Sloth "," 505 Games "," Unity "
"Punk Wars "," November 11, 2021 "," Strategy Forge S.A. "," Jujubee S.A., Strategy Forge S.A. "," Unity "
"Epic Chef "," November 11, 2021 "," Infinigon Games "," Team17 "," Unity "
"Solasta: Crown of the Magister "," May 27, 2021 "," Tactical Adventures "," Tactical Adventures "," Unity "
"Car Mechanic Simulator 2018 "," July 28, 2017 "," Red Dot Games "," PlayWay "," Unity "
"Cyjin: The Cyborg Ninja "," November 10, 2021 "," Aiya Games "," Aiya Games "," Unity "
"890B "," November 10, 2021 "," Nerd Games, Artax Games "," Eastasiasoft Limited "," Unity "
"Winter Warfare: Survival "," November 9, 2021 "," Orbis Studio "," Orbis Studio "," Unity "
"Among Trees "," November 10, 2021 "," FJRD Interactive "," FJRD Interactive "," Unity "
"Human: Fall Flat "," July 22, 2016; &quot;Lumber Update&quot; - November 9, 2021 "," No Brakes Games "," Curve Digital "," Unity "
"Death Slayer V "," November 4, 2021 "," MDK software "," MDK software "," Unity "
"JETT: The Far Shore "," October 5, 2021 "," Superbrothers + Pine Scented "," Superbrothers + Pine Scented "," Unity "
"One Last Memory "," November 5, 2021 "," EpiXR Games UG "," EpiXR Games UG "," Unity "
"Demon Turf "," November 4, 2021 "," Fabraz "," Playtonic Friends "," Unity "
"Prison Simulator "," November 4, 2021 "," Baked Games S.A. "," Baked Games S.A., PlayWay S.A. "," Unity "
"Airplane Racer 2021 "," November 5, 2021 "," ÃzgÃ¼n BURSALIOÄLU "," ÃzgÃ¼n BURSALIOÄLU "," Unity "
"Undernauts: Labyrinth of Yomi "," November 4, 2021 "," EXPERIENCE, Poppy Works "," Aksys Games "," Unity "
"Mighty Fight Federation "," March 1, 2021 "," Komi Games Inc. "," Forthright Entertainment "," Unity "
"Stardrytch "," November 4, 2021 "," Nils Kastens "," Nils Kastens "," Unity "
"Too Many Humans "," November 4, 2021 "," RealityZ "," RealityZ "," Unity "
"Where Cards Fall "," November 4, 2021 "," The Game Band "," Snowman "," Unity "
"HUMANKIND: Digital Deluxe Early Adopter Edition "," August 17, 2021 "," AMPLITUDE Studios "," SEGA "," Unity "
"To The Rescue! "," November 2, 2021 "," Little Rock Games "," Freedom Games "," Unity "
"Endzone: A World Apart "," March 18, 2021 "," gentlymad "," Assemble Entertainment "," Unity "
"Tunche "," November 2, 2021 "," LEAP Game Studios "," HypeTrain Digital "," Unity "
"Time Loader "," November 3, 2021 "," Flazm "," META Publishing "," Unity "
"The Legend of Tianding "," November 2, 2021 "," Creative Games Computer Graphics Corporation "," Neon Doctrine "," Unity "
"Descenders "," May 7, 2019; &quot;The Grand Tour Update&quot; - October 28, 2021 "," RageSquid "," No More Robots "," Unity "
"Unpacking "," November 2, 2021 "," Witch Beam "," Humble Games "," Unity "
"Vigil: The Longest Night "," October 14, 2020 "," Glass Heart Games "," Neon Doctrine "," Unity "
"Electro Ride: The Neon Racing "," 11 July, 2020; &quot;Halloween Update&quot; - October 27, 2021 "," Sylwester Osik "," Forestlight Games, PlayWay S.A. "," Unity "
"Car Mechanic Simulator 2021 "," August 11, 2021 "," Red Dot Games "," PlayWay S.A. "," Unity "
"Encased: A Sci-Fi Post-Apocalyptic RPG - Supporter Pack Edition "," September 7, 2021 "," Dark Crystal Games "," Prime Matter "," Unity "
"Garden Paws "," December 18, 2018; &quot;Spooktacular Update&quot; - October 30, 2021 "," Bitten Toast Games Inc. "," Bitten Toast Games Inc. "," Unity "
"PJ Masks: Heroes of the Night "," October 29, 2021 "," Petoons Studio "," Outright Games Ltd. "," Unity "
"Yaga "," November 12, 2019 "," Breadcrumbs Interactive "," Versus Evil "," Unity "
"George "," October 28, 2021 "," Mug Ugly Games "," Mug Ugly Games "," Unity "
"PC Building Simulator: Maxed Out Edition "," January 29, 2019 "," The Irregular Corporation, Claudiu Kiss "," The Irregular Corporation "," Unity "
"In Silence "," October 29, 2021 "," Ravenhood Games "," Ravenhood Games "," Unity "
"Insiders "," October 29, 2021 "," ANG People s.r.o. "," ANG People s.r.o. "," Unity "
"INDICTED "," October 29, 2021 "," 616 GAMES "," 616 GAMES "," Unity "
"Defend the Rook "," October 26, 2021 "," One Up Plus "," Goblinz Publishing, Maple Whispering Limited "," Unity "
"Ziggurat 2 "," October 28, 2021 "," Milkstone Studios "," Milkstone Studios "," Unity "
"Saint Kotar "," October 28, 2021 "," Red Martyr Entertainment "," SOEDESCO "," Unity "
"Happy Game "," October 28, 2021 "," Amanita Design "," Amanita Design "," Unity "
"Graveyard Keeper "," August 15, 2018; &quot;Better Save Soul DLC&quot; - October 27, 2021 "," Lazy Bear Games "," tinyBuild "," Unity "
"Per Aspera: Deluxe Edition "," December 3, 2020 "," Tlon Industries "," Raw Fury Games "," Unity "
"Moonglow Bay "," October 26, 2021 "," Bunnyhug "," Coatsink "," Unity "
"Kathy Rain: Director's Cut "," October 26, 2021 "," Clifftop Games "," Raw Fury "," Unity "
"Mad Wild Fairy Tale "," October 24, 2021 "," Morozov Sergey "," Morozov Sergey "," Unity "
"Corpse Party (2021) "," October 20, 2021 "," MAGES. "," XSEED Games, Marvelous USA, Inc. "," Unity "
"Go All Out "," June 6, 2019; v2.0 Update - October 21, 2021 "," Blue Sunset Games "," Saurus Digital, Console Labs S.A. "," Unity "
"Recontact London: Cyber Puzzle "," October 19, 2021 "," Recontact Games "," Recontact Games "," Unity "
"Boomerang X "," July 8, 2021 "," DANG! "," Devolver Digital "," Unity "
"Rustler "," August 31, 2021 "," Jutsu Games "," Games Operators, Modus Games "," Unity "
"They Always Run "," October 20, 2021 "," Alawar Premium "," Alawar Premium "," Unity "
"Space Crew: Legendary Edition "," October 15, 2020; &quot;Legendary Edition&quot; - October 21, 2021 "," Runner Duck "," Curve Games "," Unity "
"Growbot "," October 21, 2021 "," Wabisabi Play "," Application Systems Heidelberg "," Unity "
"Horizon Chase Turbo "," May 15, 2018; &quot;Senna Forever DLC&quot; - October 20, 2021 "," Aquiris Game Studio "," Aquiris Game Studio "," Unity "
"Aquarium Designer "," October 21, 2021 "," Sigur Studio "," Games Operators, PlayWay S.A. "," Unity "
"Disciples: Liberation "," October 21, 2021 "," Frima Studio "," Kalypso Media "," Unity "
"Inscryption "," October 19, 2021 "," Daniel Mullins Games "," Devolver Digital "," Unity "
"This Land Is My Land: Founders Edition "," October 20, 2021 "," Game-Labs "," Game-Labs "," Unity "
"Gloomhaven "," October 20, 2021 "," Flaming Fowl Studios "," Asmodee Digital "," Unity "
"Youtubers Life 2 "," October 19, 2021 "," UPLAY Online "," Raiser Games "," Unity "
"Escape Simulator "," October 19, 2021 "," Pine Studio "," Pine Studio "," Unity "
"Into the Pit "," October 19, 2021 "," Nullpointer Games "," Humble Games "," Unity "
"Farming Life "," October 18, 2021 "," â² Pyramid Games "," Gaming Factory S.A., Ultimate Games S.A. "," Unity "
"Whitehaven "," October 18, 2021 "," Somnambulist Games "," Somnambulist Games "," Unity "
"Disco Elysium: The Final Cut "," October 15, 2019; The Final Cut - March 30, 2021 "," ZA/UM "," ZA/UM "," Unity "
"A Little Golf Journey "," October 14, 2021 "," Okidokico "," Playtonic Friends "," Unity "
"Roxy Raccoon "," October 15, 2021 "," Sinomod Studios "," Sinomod Studios "," Unity "
"Carp Fishing Simulator "," October 14, 2021 "," Dangerous Derk Interactive "," Dangerous Derk Interactive "," Unity "
"LONELY, LUSTFUL, ARROGANT, HATEFUL "," October 13, 2021 "," Notovia "," Notovia "," Unity "
"DUNGEON ENCOUNTERS "," October 14, 2021 "," Square Enix "," Square Enix "," Unity "
"Starlight Alliance "," October 13, 2021 "," origamihero games "," origamihero games "," Unity "
"Growing Up "," October 14, 2021 "," Vile Monarch "," Vile Monarch "," Unity "
"The Good Life "," October 15, 2021 "," White Owls Inc. "," PLAYISM "," Unity "
"Chasing Static "," October 14, 2021 "," Headware Games "," Ratalaika Games S.L. "," Unity "
"House Flipper "," May 17, 2018 ~ October 14, 2021 "," Empyrean "," Frozen District, PlayWay S.A. "," Unity "
"Midnight Protocol "," October 13, 2021 "," LuGus Studios "," Iceberg Interactive "," Unity "
"Rebel Inc: Escalation "," October 13, 2021 "," Ndemic Creations "," Ndemic Creations "," Unity "
"The Last Will "," October 13, 2021 "," ODBear Studios "," ODBear Studios "," Unity "
"Doctor Who: The Edge of Reality "," October 14, 2021 "," Maze Theory Ltd, Just Add Water (Developments), Ltd. "," Maze Theory Ltd, Another Indie, Neon Doctrine "," Unity "
"Stonedeep "," October 9, 2021 "," Direfang "," Direfang, Smuttlewerk interactive "," Unity "
"League of Enthusiastic Losers "," October 13, 2021 "," yookond. "," yookond. "," Unity "
"Circuit Superstars "," October 12, 2021 "," Original Fire Games "," Square Enix "," Unity "
"Order of Battle: World War II "," April 30, 2015; &quot;Allies Resurgent&quot; - October 7, 2021 "," The Artistocrats "," Slitherine Ltd. "," Unity "
"Koikatu! / Koikatsu! / Koikatsu Party "," April 27, 2018 "," Illusion "," Illusion "," Unity "
"Succubus With Guns "," October 9, 2021 "," Satur Cat "," Satur Cat "," Unity "
"The Last Campfire "," August 27, 2020 "," Hello Games "," Hello Games "," Unity "
"Wasteland 3: Digital Deluxe Edition "," August 28, 2020 "," inXile Entertainment "," Deep Silver "," Unity "
"Rainbow Billy: The Curse of the Leviathan "," October 5, 2021 "," ManaVoid Entertainment "," Skybound Games "," Unity "
"Vagrus: The Riven Realms "," October 5, 2021 "," Lost Pilgrims Studio "," Lost Pilgrims Studio "," Unity "
"Alchemist Adventure "," June 10, 2021 "," Bad Minions "," Super.com "," Unity "
"The Lightbringer "," October 7, 2021 "," Rock Square Thunder "," Zordix Publishing "," Unity "
"The Long Dark "," August 1, 2017; &quot;Episode 4&quot; - October 6, 2021 "," Hinterland Studio Inc. "," Hinterland Studio Inc. "," Unity "
"Lumberjack Simulator "," October 3, 2021 "," Exponential Games Inc. "," Exponential Games Inc. "," Unity "
"Rogue Lords "," September 30, 2021 "," Leikir Studio, Cyanide Studio "," Nacon "," Unity "
"Super Monkey Ball: Banana Mania "," October 5, 2021 "," Ryu Ga Gotoku Studio "," SEGA "," Unity "
"Nickelodeon All-Star Brawl "," October 5, 2021 "," Ludosity, Fair Play Labs "," GameMill Entertainment "," Unity "
"SAMUDRA "," September 29, 2021 "," Khayalan Arts "," Khayalan Arts "," Unity "
"NEO: The World Ends with You "," September 28, 2021 "," h.a.n.d., Inc. "," Square Enix "," Unity "
"Necrobarista "," July 22, 2020 "," Route 59 "," Active Gaming Media "," Unity "
"Coffee Noir: Business Detective Game "," September 30, 2021 "," DOJI, NAOS Software "," DOJI "," Unity "
"Phoenix Point: Year One Edition "," December 3, 2019 "," Snapshot Games "," Snapshot Games "," Unity "
"Lust from Beyond "," March 11, 2021 "," Movie Games Lunarium "," Movie Games, PlayWay "," Unity "
"The Last Friend "," September 30, 2021 "," The Stonebot Studio, Ludus Games "," Skystone Games Inc. "," Unity "
"Hobo Cat Adventures "," September 30, 2021 "," Hobo Cat Games "," Hobo Cat Games "," Unity "
"Astria Ascending "," September 30, 2021 "," Artisan Studio "," Dear Villagers, Maple Whispering Limited "," Unity "
"MADNESS: Project Nexus "," September 29, 2021 "," GIBBING TREE, LLC "," GIBBING TREE, LLC "," Unity "
"Project Nightmares: Case 36 - Henrietta Kedward "," September 29, 2021 "," NC Studio "," NC Studio "," Unity "
"Outer Wilds: Archaeologist Edition "," May 30, 2019 ~ September 28, 2021 "," Mobius Digital "," Annapurna Interactive "," Unity "
"In Sound Mind: Deluxe Edition "," September 28, 2021 "," We Create Stuff "," Modus Games "," Unity "
"Agatha Christie: Hercule Poirot - The First Cases "," September 27, 2021 "," Blazing Griffin "," Microids "," Unity "
"Grand Tactician: The Civil War (1861-1865) "," September 24, 2021 "," Oliver KeppelmÃ¼ller "," Oliver KeppelmÃ¼ller "," Unity "
"Children of Morta "," September 3, 2019 ~ September 24, 2021 "," Dead Mage "," 11 bit studios "," Unity "
"Sable "," September 23, 2021 "," Shedworks "," Raw Fury "," Unity "
"The Addams Family: Mansion Mayhem "," September 24, 2021 "," PHL Collective "," Outright Games "," Unity "
"Metro Simulator "," August 12, 2021; &quot;v5.1a Update&quot; - September 24, 2021 "," KishMish Games "," KishMish Games "," Unity "
"Embr "," September 23, 2021 "," Muse Games "," Curve Digital "," Unity "
"Actraiser Renaissance "," September 23, 2021 "," Sonic Powered, Square Enix "," Square Enix "," Unity "
"Citystate II "," September 23, 2021 "," Andy Sztark "," Andy Sztark "," Unity "
"Sheltered 2 "," September 21, 2021 "," Unicube "," Team17 "," Unity "
"Cruis'n Blast "," September 14, 2021 "," Raw Thrills "," GameMill Publishing "," Unity "
"Dustwind "," August 15, 2018; &quot;v7955 Update&quot; - September 21, 2021 "," Dustwind Studios "," Z-Software GmbH, Dustwind Studios "," Unity "
"Base One "," May 11, 2021 "," Pixfroze "," Blowfish Studios, Gamera Game "," Unity "
"Accident "," September 21, 2021 "," Duality Games, Glob Games Studio "," Duality Games, PlayWay S.A., HeartBeat Games "," Unity "
"The Town of Light "," February 26, 2016 "," LKA "," LKA, Wired Productions "," Unity "
"Roguebook: Deluxe Edition "," June 17, 2021 "," Abrakam Entertainment SA "," Nacon "," Unity "
"Mandinga: A Tale of Banzo "," September 17, 2021 "," Uruca Game Studio "," Uruca Game Studio "," Unity "
"Catlateral Damage: Remeowstered "," September 16, 2021 "," Manekoware, Fire Hose Games "," Manekoware "," Unity "
"Tails of Iron "," September 17, 2021 "," Odd Bug Studio "," United Label, CI Games "," Unity "
"I Am Fish "," September 16, 2021 "," Bossa Studios "," Curve Digital "," Unity "
"Aragami 2 "," September 17, 2021 "," Lince Works "," Lince Works, Yooreka Studio "," Unity "
"Story of Seasons: Pioneers of Olive Town "," September 15, 2021 "," Marvelous Inc. "," XSEED Games, Marvelous USA, Inc., Marvelous "," Unity "
"SkateBIRD "," September 16, 2021 "," Glass Bottom Games "," Glass Bottom Games "," Unity "
"The Amazing American Circus "," September 16, 2021 "," Klabater, Juggler Games "," Klabater "," Unity "
"Sumire "," May 27, 2021 "," GameTomo Team "," GameTomo Co., Ltd. "," Unity "
"Between Time: Escape Room "," September 15, 2021 "," mc2games "," mc2games "," Unity "
"Scrapnaut "," September 15, 2021 "," SpiffyBit "," RockGame S.A. "," Unity "
"ATOM RPG: Trudograd - Deluxe Edition "," September 13, 2021 "," AtomTeam "," AtomTeam "," Unity "
"Inked: A Tale of Love "," August 28, 2021 "," Somnium Games d.o.o. "," Pixmain "," Unity "
"Knights &amp; Guns "," September 10, 2021 "," Baltoro Games "," Baltoro Games "," Unity "
"RICO: London "," September 9, 2021 "," Ground Shatter "," Numskull Games "," Unity "
"Terrain of Magical Expertise "," September 9, 2021 "," NEO-C Productions L.L.C "," 1C Entertainment "," Unity "
"The Rewinder "," September 10, 2021 "," MistyMountainStudio "," Gamera Game "," Unity "
"Hindsight 20/20: Wrath of the Raakshasa "," September 9, 2021 "," Triple-I Games "," Triple-I Games "," Unity "
